"التخصص","المعرّف","اسم المرض","English","ICD-10","مستوى الاستعجال","خاص بجنس","الأعراض (الوزن 1–3)","التعريف","العلاج والتوجيه","ملاحظة","التحاليل","الأشعة","الأدوية (فئة: أمثلة — تنبيه)","الإجراءات","رعاية ذاتية","الدليل الإرشادي","الجهات المرجعية","حالة المراجعة","قرار الطبيب (موافق/تعديل/حذف)","التعديل المقترح","اسم الطبيب المراجع","التخصص","التاريخ"
"العظام والمفاصل","bones.oa","الفُصال العظمي (خشونة المفاصل)","Osteoarthritis","M19.9","راجع الطبيب المختص","الجنسان","تورّم في المفصل (1) • الألم في مفصل واحد فقط (1) • طقطقة أو احتكاك عند الحركة (2) • محدودية في مدى الحركة (2) • يزداد الألم مع الاستخدام والمجهود ويخف بالراحة (3)","تآكل تدريجي في الغضروف المبطِّن للمفصل مع التقدم في السن أو الإجهاد المتكرر، ينتج عنه احتكاك وألم وتيبّس.","العلاج تحفّظي غالبًا: تمارين لتقوية العضلات المحيطة بالمفصل، وإنقاص الوزن الزائد، ومسكّنات وفق إرشاد الطبيب. قد تحتاج الحالات المتقدمة إلى حقن مفصلية أو استبدال المفصل جراحيًا.","ألم يزداد مع المجهود ويخف بالراحة، وتيبّس صباحي أقل من نصف ساعة.","سرعة الترسيب والبروتين التفاعلي (ESR/CRP) عند الشك في سبب التهابي","أشعة سينية على المفصل (X-ray) عند الحاجة","مضادات الالتهاب غير الستيرويدية الموضعية: diclofenac (topical), ibuprofen (topical) • مضادات الالتهاب غير الستيرويدية: ibuprofen, naproxen — أقل مدة ممكنة؛ الحذر مع أمراض المعدة والكلى والقلب","برنامج تمارين علاجية وعلاج طبيعي • حقن كورتيزون داخل المفصل لنوبات الألم الشديدة • جراحة استبدال المفصل في الحالات المتقدمة","نشاط بدني منتظم كالمشي والسباحة • إنقاص الوزن الزائد","NICE NG226 Osteoarthritis in over 16s: diagnosis and management (2022)","NICE • ACR • WHO_EML","متحقق من مصادر","","","","",""
"العظام والمفاصل","bones.ra","التهاب المفاصل الروماتويدي","Rheumatoid arthritis","M06.9","راجع الطبيب المختص","الجنسان","تورّم في المفصل (2) • تيبّس صباحي يستمر أكثر من 30 دقيقة (3) • الألم في مفاصل متناظرة في الجانبين (3) • يتحسن الألم مع الحركة ويزداد مع الراحة (2) • حُمّى مصاحبة (1) • محدودية في مدى الحركة (1)","مرض مناعي ذاتي مزمن يهاجم فيه الجهاز المناعي بطانة المفاصل، فيسبب التهابًا وتورّمًا مستمرين.","علاج طويل الأمد بأدوية معدِّلة لمسار المرض يحددها استشاري الروماتيزم؛ فالتشخيص المبكر يحمي المفاصل من التلف، مع العلاج الطبيعي.","إصابة مفاصل متناظرة (غالبًا أصابع اليدين والرسغان) مع تيبّس صباحي يتجاوز نصف ساعة.","العامل الروماتويدي (RF) • الأجسام المضادة للببتيد السيتروليني (Anti-CCP) • سرعة الترسيب والبروتين التفاعلي (ESR/CRP) • صورة دم كاملة ووظائف الكبد والكلى (CBC, LFT, RFT)","أشعة سينية على اليدين والقدمين (X-ray) • موجات فوق صوتية على المفاصل (Ultrasound) عند الحاجة","أدوية معدِّلة لمسار المرض التقليدية (csDMARDs): methotrexate, sulfasalazine, hydroxychloroquine, leflunomide — بوصفة طبية فقط مع تحاليل دورية؛ الميثوتريكسات ممنوع في الحمل • كورتيزون لفترة قصيرة: prednisolone — بوصفة طبية فقط؛ مؤقت حتى يبدأ مفعول العلاج الأساسي • أدوية حيوية عند عدم الاستجابة: adalimumab, etanercept, infliximab — بوصفة استشاري فقط؛ فحص السل قبل البدء","علاج طبيعي ووظيفي لحماية المفاصل","الإقلاع عن التدخين • نشاط بدني منتظم بحسب التحمل","ACR Guideline for the Treatment of Rheumatoid Arthritis (2021)","ACR • EULAR • NICE • WHO_EML","متحقق من مصادر","","","","",""
"العظام والمفاصل","bones.disc","الانزلاق الغضروفي (عرق النَّسا)","Herniated disc","M51.2","راجع الطبيب المختص","الجنسان","ألم يمتد من أسفل الظهر إلى الساق (3) • تنميل أو خدر في اليد أو القدم (2) • إصابة أو سقوط أو ضربة سبقت الألم (1)","بروز جزء من الغضروف الواقع بين فقرات العمود الفقري خارج موضعه، فيضغط على الجذر العصبي المجاور.","يتحسن غالبًا خلال أسابيع بالحركة الخفيفة والعلاج الطبيعي والمسكنات. ضعف الساق أو فقدان التحكم في البول أو البراز يستدعي الطوارئ.","ألم يمتد من الظهر على طول الساق مع تنميل.","","رنين مغناطيسي على العمود الفقري (MRI) عند استمرار الأعراض أو الضعف العصبي","مضادات الالتهاب غير الستيرويدية: ibuprofen, naproxen — أقل مدة ممكنة؛ الحذر مع أمراض المعدة والكلى والقلب","علاج طبيعي وتمارين موجّهة • حقن كورتيزون فوق الجافية (Epidural) لألم عرق النسا الشديد • جراحة استئصال الجزء البارز من الغضروف عند فشل العلاج أو الضعف العصبي","الاستمرار في الحركة الخفيفة وتجنب الراحة التامة في السرير • التوجه للطوارئ فورًا عند فقدان التحكم في البول أو البراز","NICE NG59 Low back pain and sciatica in over 16s: assessment and management (2016, updated 2020)","NICE • WHO_EML","متحقق من مصادر","","","","",""
"العظام والمفاصل","bones.backstrain","الشد العضلي في أسفل الظهر","Low back strain","M54.5","رعاية منزلية ومتابعة","الجنسان","ألم في أسفل الظهر دون امتداد إلى الساق (3) • إصابة أو سقوط أو ضربة سبقت الألم (1) • يزداد الألم مع الاستخدام والمجهود ويخف بالراحة (1)","إجهاد أو تمزق بسيط في عضلات أسفل الظهر وأربطته، وهو السبب الأشيع لآلام الظهر.","الاستمرار في الحركة الخفيفة بدل الراحة التامة، وكمادات دافئة، ومسكنات بسيطة. يتحسن معظمه خلال أسبوعين إلى ستة أسابيع.","","","","مضادات الالتهاب غير الستيرويدية: ibuprofen, naproxen — أقل مدة ممكنة؛ الحذر مع أمراض المعدة والكلى والقلب","علاج طبيعي وتمارين تقوية عند استمرار الألم • برنامج تمارين جماعي أو علاج يدوي ضمن خطة متكاملة","الاستمرار في الأنشطة اليومية بقدر التحمل • كمادات دافئة على موضع الألم","NICE NG59 Low back pain and sciatica in over 16s: assessment and management (2016, updated 2020)","NICE • WHO_EML","قيد المراجعة","","","","",""
"العظام والمفاصل","bones.fracture","كسر أو إصابة حادة في الأربطة","Fracture","T14.2","طوارئ فورًا","الجنسان","إصابة أو سقوط أو ضربة سبقت الألم (3) • تورّم في المفصل (2) • عدم القدرة على الوقوف أو المشي على الساق (2) • تشوّه أو اعوجاج واضح في العضو (3) • بدأ الألم فجأة وبشدة (2)","كسر في العظم أو تمزق في الأربطة الداعمة للمفصل نتيجة إصابة مباشرة أو التواء مفاجئ.","ثبِّت العضو ولا تحرّكه، وتوجّه إلى طوارئ العظام لإجراء الأشعة والتجبير؛ وقد تحتاج بعض الحالات إلى جراحة.","التشوّه الواضح أو تعذّر الوقوف بعد الإصابة يستدعي الطوارئ.","صورة دم كاملة وتحاليل التخثر قبل الجراحة عند الحاجة (CBC, INR)","أشعة سينية على العظم المصاب من زاويتين (X-ray) • أشعة مقطعية (CT) للكسور المعقدة أو المفصلية • رنين مغناطيسي (MRI) لإصابات الأربطة أو الكسور الخفية","مسكنات الألم: paracetamol, ibuprofen, morphine — تُعطى في المستشفى؛ المورفين تحت إشراف طبي فقط","رد الكسر وتثبيته بالجبس أو الجبيرة • تثبيت جراحي بالشرائح والمسامير عند الحاجة • علاج طبيعي لاستعادة الحركة بعد الالتئام","تثبيت العضو المصاب وعدم تحريكه • كمادة باردة ملفوفة بقماش ورفع العضو • الاتصال بالإسعاف (123) عند كسر مفتوح أو نزيف أو تشوّه واضح","NICE NG38 Fractures (non-complex): assessment and management (2016)","NICE • AAOS • WHO_EML","متحقق من مصادر","","","","",""
"العظام والمفاصل","bones.septic","التهاب المفصل الصديدي","Septic arthritis","M00.9","طوارئ فورًا","الجنسان","تورّم في المفصل (2) • احمرار وسخونة في المفصل (3) • الألم في مفصل واحد فقط (3) • حُمّى مصاحبة (3) • بدأ الألم فجأة وبشدة (2)","عدوى بكتيرية داخل المفصل تسبب التهابًا حادًا وسريعًا، وهي من أخطر التهابات المفاصل.","حالة طارئة: تُسحب عينة من سائل المفصل ويُعطى مضاد حيوي وريدي سريعًا، فالتأخير قد يُتلف المفصل.","مفصل واحد ساخن ومحمرّ ومتورّم مع حمّى عامة يستدعي الطوارئ.","سحب سائل المفصل وتحليله وزرعه (Synovial fluid analysis) • مزرعة دم (Blood culture) • صورة دم كاملة والبروتين التفاعلي (CBC, CRP)","أشعة سينية على المفصل (X-ray) • موجات فوق صوتية لتأكيد وجود سائل وتوجيه السحب (Ultrasound)","مضادات حيوية وريدية: flucloxacillin, cefazolin, ceftriaxone, vancomycin — تُعطى في المستشفى؛ يحدد الطبيب النوع حسب المزرعة","غسيل المفصل وتصريفه بالإبرة أو المنظار أو الجراحة • علاج طبيعي بعد السيطرة على العدوى","التوجه فورًا إلى الطوارئ عند مفصل ساخن متورم مع حمى","British Society for Rheumatology / BOA guideline for management of the hot swollen joint in adults (2006)","WHO_EML • IDSA","متحقق من مصادر","","","","",""
"العظام والمفاصل","bones.gout","النِّقرس","Gout","M10.9","فحص عاجل خلال 24 ساعة","الجنسان","تورّم في المفصل (1) • احمرار وسخونة في المفصل (2) • الألم في مفصل واحد فقط (3) • بدأ الألم فجأة وبشدة (3)","ترسّب بلورات حمض اليوريك داخل المفصل بسبب ارتفاعه في الدم، فيسبب نوبات ألم مفاجئة وشديدة.","مضادات الالتهاب في النوبة الحادة، وأدوية لخفض حمض اليوريك على المدى الطويل يحددها طبيب الروماتيزم أو الباطنة.","يبدأ غالبًا في إصبع القدم الكبير بنوبة ليلية مفاجئة. وجود حمّى عامة يستوجب استبعاد الالتهاب الصديدي.","حمض اليوريك في الدم (Serum urate) • سحب سائل المفصل وفحص البلورات (Synovial fluid) • وظائف الكلى (Creatinine/eGFR)","موجات فوق صوتية أو أشعة سينية على المفصل عند الشك في التشخيص","علاج النوبة: مضادات الالتهاب غير الستيرويدية: naproxen, ibuprofen — الحذر مع أمراض الكلى والمعدة والقلب • علاج النوبة: الكولشيسين: colchicine — بوصفة طبية فقط؛ تداخلات دوائية كثيرة • علاج النوبة: الكورتيزون: prednisolone — بوصفة طبية فقط • خافضات حمض اليوريك للوقاية طويلة الأمد: allopurinol, febuxostat — بوصفة طبية فقط؛ لا يُوقف أثناء النوبة دون استشارة","حقن كورتيزون داخل المفصل في بعض الحالات","رفع المفصل وكمادات باردة أثناء النوبة • تقليل الكحول والمشروبات المحلّاة واللحوم الحمراء والمأكولات البحرية • شرب كمية كافية من الماء","NICE NG219 Gout: diagnosis and management (2022)","NICE • ACR • EULAR • WHO_EML","متحقق من مصادر","","","","",""
"العظام والمفاصل","bones.cts","متلازمة النفق الرسغي","Carpal tunnel syndrome","G56.0","راجع الطبيب المختص","الجنسان","تنميل في الإبهام والسبابة والوسطى يزداد ليلًا (3) • تنميل أو خدر في اليد أو القدم (2) • محدودية في مدى الحركة (1)","انضغاط العصب الأوسط أثناء مروره في نفق ضيق بالرسغ، مما يسبب تنميلًا وضعفًا في اليد.","جبيرة للرسغ ليلًا وتقليل الحركات المتكررة. قد تحتاج الحالات الشديدة إلى حقن أو جراحة بسيطة.","شائعة مع الأعمال المكتبية والحركات المتكررة وأثناء الحمل.","دراسة توصيل الأعصاب وتخطيط العضلات (NCS/EMG) • سكر الدم ووظائف الغدة الدرقية عند الحاجة (HbA1c, TSH)","موجات فوق صوتية على العصب الأوسط (Ultrasound) عند الحاجة","","جبيرة ليلية للمعصم بوضع محايد • حقن كورتيزون في النفق الرسغي • جراحة تحرير النفق الرسغي عند الأعراض الشديدة أو ضعف العضلات","ارتداء جبيرة المعصم ليلًا • أخذ فترات راحة من الحركات المتكررة لليد","AAOS Clinical Practice Guideline on Management of Carpal Tunnel Syndrome","AAOS • NICE","متحقق من مصادر","","","","",""
"العظام والمفاصل","bones.osteoporosis","هشاشة العظام","Osteoporosis","M81.9","راجع الطبيب المختص","الجنسان","إصابة أو سقوط أو ضربة سبقت الألم (1) • تشوّه أو اعوجاج واضح في العضو (1) • بدأ الألم فجأة وبشدة (1)","نقص في كثافة العظام يجعلها هشّة سهلة الكسر، وغالبًا لا تظهر لها أعراض حتى يحدث كسر.","قياس كثافة العظام (DEXA)، والكالسيوم وفيتامين د، وتمارين تحمّل الوزن، وأدوية تقوية العظام وفق الطبيب.","تُكتشف غالبًا بعد كسر من إصابة بسيطة، لا سيما لدى النساء بعد انقطاع الطمث.","فيتامين د والكالسيوم في الدم • وظائف الكلى والغدة الدرقية (eGFR, TSH)","قياس كثافة العظام (DXA) • أشعة سينية على العمود الفقري عند الشك في كسر فقري","البيسفوسفونات: alendronic acid, risedronic acid, zoledronic acid — بوصفة طبية فقط؛ تُؤخذ الأقراص بطريقة خاصة يشرحها الطبيب • الكالسيوم وفيتامين د عند النقص: calcium carbonate, colecalciferol • بديل عند عدم ملاءمة البيسفوسفونات: denosumab — بوصفة طبية فقط؛ لا يُوقف فجأة دون خطة بديلة","تقييم خطر الكسر بأداة (FRAX) • برنامج للوقاية من السقوط وتمارين التوازن","تمارين حمل الوزن والمقاومة بانتظام • الإقلاع عن التدخين وتقليل الكحول • غذاء غني بالكالسيوم وتعرّض معتدل للشمس","NOGG UK clinical guideline for the prevention and treatment of osteoporosis (2022)","NICE • ENDO • WHO_EML","متحقق من مصادر","","","","",""
"العظام والمفاصل","bones.frozenshoulder","الكتف المتجمد (التهاب المحفظة اللاصق)","Frozen shoulder","M75.0","راجع الطبيب المختص","الجنسان","ألم وتيبّس في الكتف مع صعوبة رفع الذراع للأعلى أو للخلف (3) • محدودية في مدى الحركة (2)","تيبّس وألم تدريجي في الكتف يقيّد حركته في كل الاتجاهات، أشيع بين 40 و60 عامًا ولدى مرضى السكري، ويمر بمراحل التجمد ثم الثبات ثم الذوبان.","علاج طبيعي وتمارين إطالة منتظمة ومسكنات، وقد تفيد حقنة كورتيزون. يتحسن غالبًا خلال سنة إلى سنتين.","","سكر الدم (HbA1c) لارتباط الحالة بالسكري","أشعة سينية على الكتف (X-ray) لاستبعاد أسباب أخرى","مضادات الالتهاب غير الستيرويدية: ibuprofen, naproxen — أقل مدة ممكنة؛ الحذر مع أمراض المعدة والكلى والقلب","علاج طبيعي وتمارين إطالة متدرّجة • حقن كورتيزون داخل مفصل الكتف • توسيع المفصل بالحقن أو التحرير بالمنظار في الحالات المستعصية","تمارين إطالة لطيفة يومية ضمن حدود الألم • كمادات دافئة قبل التمارين","British Elbow & Shoulder Society (BESS) patient care pathway for frozen shoulder (2015)","NICE • WHO_EML","قيد المراجعة","","","","",""
"العظام والمفاصل","bones.rotatorcuff","التهاب أو تمزق أوتار الكتف","Rotator cuff tendinopathy","M75.1","راجع الطبيب المختص","الجنسان","ألم وتيبّس في الكتف مع صعوبة رفع الذراع للأعلى أو للخلف (2) • إصابة أو سقوط أو ضربة سبقت الألم (1) • يزداد الألم مع الاستخدام والمجهود ويخف بالراحة (2)","إجهاد أو تمزق في الأوتار المحيطة بمفصل الكتف يسبب ألمًا عند رفع الذراع أو النوم على الكتف.","الراحة النسبية وتمارين التقوية والعلاج الطبيعي، والأشعة بالرنين إذا اشتبه في تمزق كامل.","","","موجات فوق صوتية على الكتف (Ultrasound) • رنين مغناطيسي (MRI) عند الشك في تمزق كامل","مضادات الالتهاب غير الستيرويدية: ibuprofen, naproxen — أقل مدة ممكنة؛ الحذر مع أمراض المعدة والكلى والقلب","علاج طبيعي بتمارين تقوية الكتف • حقن كورتيزون حول الوتر لتخفيف الألم مؤقتًا • إصلاح جراحي بالمنظار للتمزقات الكاملة المناسبة","تعديل الأنشطة التي تتطلب رفع الذراع فوق الرأس • كمادات باردة بعد النشاط","AAOS Clinical Practice Guideline: Management of Rotator Cuff Injuries (2019)","AAOS • NICE • WHO_EML","قيد المراجعة","","","","",""
"العظام والمفاصل","bones.tenniselbow","مرفق التنس","Lateral epicondylitis","M77.1","رعاية منزلية ومتابعة","الجنسان","ألم في الجهة الخارجية من المرفق يزداد مع الإمساك والرفع (3)","التهاب في أوتار عضلات الساعد عند الجهة الخارجية من المرفق بسبب الحركات المتكررة.","الراحة من الحركة المسببة، وكمادات، وتمارين إطالة وتقوية، ودعامة للساعد. يتحسن أغلبه خلال أشهر.","","","","مضادات الالتهاب غير الستيرويدية الموضعية: diclofenac (topical), ibuprofen (topical)","علاج طبيعي بتمارين التحميل التدريجي للأوتار • شريط ضاغط (دعامة) للساعد","تقليل الحركات المسببة للألم كالقبض المتكرر • كمادات باردة على موضع الألم","NICE Clinical Knowledge Summary: Tennis elbow","NICE","قيد المراجعة","","","","",""
"العظام والمفاصل","bones.plantar","التهاب اللفافة الأخمصية (شوكة الكعب)","Plantar fasciitis","M72.2","رعاية منزلية ومتابعة","الجنسان","ألم في كعب القدم مع أول خطوات الصباح (3)","التهاب في النسيج الممتد أسفل القدم يسبب ألمًا في الكعب يشتد مع أول خطوات الصباح.","تمارين إطالة لربلة الساق والقدم، وحذاء داعم ونعل طبي، وتدليك القدم بزجاجة باردة.","","","موجات فوق صوتية (Ultrasound) عند استمرار الأعراض","مضادات الالتهاب غير الستيرويدية: ibuprofen, naproxen — أقل مدة ممكنة؛ الحذر مع أمراض المعدة والكلى والقلب","تمارين إطالة لوتر العرقوب واللفافة الأخمصية • نعال طبية داعمة أو جبيرة ليلية • حقن كورتيزون في الحالات المستعصية","أحذية داعمة لقوس القدم وتجنب المشي حافيًا • إطالة باطن القدم صباحًا • إنقاص الوزن الزائد","NICE Clinical Knowledge Summary: Plantar fasciitis","NICE • WHO_EML","قيد المراجعة","","","","",""
"العظام والمفاصل","bones.anklesprain","التواء الكاحل","Ankle sprain","S93.4","رعاية منزلية ومتابعة","الجنسان","التواء الكاحل مع تورّم وكدمة (3) • إصابة أو سقوط أو ضربة سبقت الألم (1)","تمدد أو تمزق في أربطة الكاحل بعد التواء القدم، ويُصنّف في ثلاث درجات حسب شدة التمزق.","الراحة والثلج والضغط ورفع القدم في أول يومين، ثم تمارين تدريجية. تعذّر المشي أربع خطوات أو ألم العظم عند الضغط يستدعي الأشعة.","","","أشعة سينية (X-ray) عند انطباق معايير أوتاوا للكاحل","مسكنات ومضادات التهاب: paracetamol, ibuprofen — لأيام قليلة؛ الحذر مع أمراض المعدة والكلى","رباط ضاغط أو دعامة للكاحل • علاج طبيعي لتمارين التوازن والتقوية","الراحة والثلج والضغط ورفع القدم في الأيام الأولى • العودة التدريجية للمشي بحسب التحمل","NICE Clinical Knowledge Summary: Sprains and strains","NICE • WHO_EML","قيد المراجعة","","","","",""
"العظام والمفاصل","bones.neck","ألم الرقبة وخشونة الفقرات العنقية","Cervical spondylosis","M47.8","رعاية منزلية ومتابعة","الجنسان","ألم في الرقبة مع تيبّس، وقد يمتد إلى الذراع (3) • تنميل أو خدر في اليد أو القدم (1)","إجهاد عضلات الرقبة أو تآكل فقراتها مع العمر، وقد يضغط على عصب فيمتد الألم أو التنميل إلى الذراع.","تحسين وضعية الجلوس والشاشات، وتمارين الرقبة، وكمادات دافئة، ومسكنات. الضعف في اليد أو اضطراب المشي يستدعي فحصًا عاجلًا.","","","رنين مغناطيسي (MRI) عند وجود تنميل أو ضعف في الذراع","مسكنات بسيطة ومضادات التهاب: paracetamol, ibuprofen, naproxen — أقل مدة ممكنة؛ الحذر مع أمراض المعدة والكلى","علاج طبيعي وتمارين للرقبة • جراحة لتخفيف الضغط على النخاع أو الأعصاب عند الاعتلال العصبي المتقدم","الحفاظ على وضعية جيدة أثناء استخدام الشاشات • كمادات دافئة وحركة لطيفة للرقبة","NICE Clinical Knowledge Summary: Neck pain - non-specific","NICE • WHO_EML","قيد المراجعة","","","","",""
"العظام والمفاصل","bones.as","التهاب الفقار اللاصق","Ankylosing spondylitis","M45","راجع الطبيب المختص","الجنسان","ألم وتيبّس في أسفل الظهر لدى شاب يتحسن بالحركة ويوقظه ليلًا (3) • تيبّس صباحي يستمر أكثر من 30 دقيقة (1)","التهاب مناعي مزمن في مفاصل العمود الفقري والحوض يصيب الشباب غالبًا، ويسبب ألمًا وتيبّسًا يتحسن بالحركة.","تمارين يومية وعلاج طبيعي ومضادات الالتهاب، وأدوية بيولوجية فعّالة لدى استشاري الروماتيزم.","","البروتين التفاعلي وسرعة الترسيب (CRP/ESR) • فحص الجين (HLA-B27)","أشعة سينية على المفاصل العجزية الحرقفية (X-ray) • رنين مغناطيسي على المفاصل العجزية الحرقفية (MRI)","مضادات الالتهاب غير الستيرويدية: naproxen, ibuprofen — الخيار الأول؛ الحذر مع أمراض المعدة والكلى والقلب • أدوية حيوية عند عدم الاستجابة: adalimumab, etanercept, infliximab — بوصفة استشاري فقط؛ فحص السل قبل البدء","علاج طبيعي وتمارين يومية للحفاظ على مرونة العمود الفقري","تمارين إطالة يومية ونشاط بدني منتظم • الإقلاع عن التدخين","ASAS-EULAR recommendations for the management of axial spondyloarthritis (2022 update)","EULAR • ACR • NICE • WHO_EML","قيد المراجعة","","","","",""
"العظام والمفاصل","bones.fibromyalgia","الألم العضلي الليفي (الفيبروميالجيا)","Fibromyalgia","M79.7","راجع الطبيب المختص","الجنسان","ألم عضلي منتشر في الجسم كله مع تعب واضطراب نوم (3)","ألم مزمن منتشر في العضلات مع تعب واضطراب نوم وتركيز، دون التهاب أو تلف في الأنسجة.","الرياضة الهوائية التدريجية أهم علاج، مع تحسين النوم وإدارة التوتر، وأدوية تعدّل إشارات الألم عند الحاجة.","","صورة دم كاملة وسرعة الترسيب (CBC, ESR) لاستبعاد أسباب أخرى • وظائف الغدة الدرقية (TSH)","","مضادات اكتئاب بجرعة منخفضة لتعديل الألم: amitriptyline, duloxetine — بوصفة طبية فقط","برنامج تمارين هوائية متدرّجة • العلاج المعرفي السلوكي (CBT) للتعامل مع الألم المزمن • برامج متعددة التخصصات لإدارة الألم","نشاط بدني منتظم ومتدرّج • تنظيم مواعيد النوم","EULAR revised recommendations for the management of fibromyalgia (2016)","EULAR • NICE • WHO_EML","قيد المراجعة","","","","",""
"العظام والمفاصل","bones.lupus","الذئبة الحمراء","Systemic lupus erythematosus","M32.9","راجع الطبيب المختص","الجنسان","طفح على الوجنتين كالفراشة مع آلام مفاصل (3) • الألم في مفاصل متناظرة في الجانبين (1) • حُمّى مصاحبة (1)","مرض مناعي ذاتي قد يصيب الجلد والمفاصل والكلى وأعضاء أخرى، أشيع لدى النساء الشابات.","تحاليل مناعية (ANA وغيرها) لدى استشاري الروماتيزم، والعلاج بأدوية مثل الهيدروكسي كلوروكين، مع الوقاية من الشمس ومتابعة الكلى.","","الأجسام المضادة للنواة (ANA) • أجسام (Anti-dsDNA) ومستوى المتمّمات (C3/C4) • صورة دم كاملة ووظائف الكلى (CBC, Creatinine) • تحليل البول للبروتين (Urinalysis)","أشعة أو تخطيط حسب الأعضاء المصابة (الصدر، القلب، الكلى)","مضادات الملاريا: hydroxychloroquine — بوصفة طبية فقط؛ مع فحص دوري للعين • الكورتيزون بأقل جرعة ممكنة: prednisolone — بوصفة طبية فقط • مثبطات المناعة حسب إصابة الأعضاء: azathioprine, mycophenolate mofetil, methotrexate — بوصفة استشاري فقط؛ بعضها ممنوع في الحمل","خزعة الكلى عند الشك في التهاب الكلية الذئبي","الوقاية من الشمس بواقٍ عالي الحماية • الإقلاع عن التدخين","EULAR recommendations for the management of systemic lupus erythematosus (2023 update)","EULAR • ACR • WHO_EML","قيد المراجعة","","","","",""
"العظام والمفاصل","bones.scoliosis","الجنف (انحناء العمود الفقري)","Scoliosis","M41.9","راجع الطبيب المختص","الجنسان","انحناء جانبي في العمود الفقري أو عدم تساوي الكتفين (3)","انحناء جانبي في العمود الفقري يظهر غالبًا في سن النمو، ويُقاس بزاوية كوب لتحديد درجته.","أشعة لقياس الزاوية، والمتابعة للدرجات البسيطة، والدعامة أثناء النمو للمتوسطة، والجراحة للشديدة.","","","أشعة سينية كاملة للعمود الفقري واقفًا لقياس زاوية كوب (X-ray) • رنين مغناطيسي (MRI) عند أعراض عصبية أو نمط غير معتاد","","متابعة دورية بالأشعة خلال فترة النمو • مشدّ (دعامة) للظهر للأطفال والمراهقين في طور النمو • تمارين علاجية خاصة بالجنف • جراحة تثبيت الفقرات للانحناءات الكبيرة أو المتزايدة","","SOSORT guidelines: orthopaedic and rehabilitation treatment of idiopathic scoliosis during growth (2016)","AAOS","قيد المراجعة","","","","",""
"العظام والمفاصل","bones.meniscus","إصابة الغضروف الهلالي أو الرباط الصليبي","Meniscus or ACL injury","S83.2","راجع الطبيب المختص","الجنسان","ألم في الركبة مع إحساس بقفل المفصل أو عدم ثباته بعد التواء (3) • إصابة أو سقوط أو ضربة سبقت الألم (1) • تورّم في المفصل (1)","تمزق في غضروف الركبة أو أربطتها بعد التواء، يسبب ألمًا وتورّمًا وإحساسًا بالقفل أو عدم الثبات.","الراحة والثلج، ثم فحص لدى طبيب العظام وأشعة رنين، والعلاج طبيعي أو بالمنظار حسب الإصابة.","","","رنين مغناطيسي على الركبة (MRI) • أشعة سينية (X-ray) لاستبعاد الكسر","مضادات الالتهاب غير الستيرويدية: ibuprofen, naproxen — أقل مدة ممكنة؛ الحذر مع أمراض المعدة والكلى والقلب","علاج طبيعي لتقوية عضلات الفخذ واستعادة الثبات • إصلاح أو تهذيب الغضروف بالمنظار عند أعراض القفل • إعادة بناء الرباط الصليبي جراحيًا عند عدم الثبات أو للرياضيين","الراحة والثلج ورفع الساق في الأيام الأولى • استخدام عكازات عند صعوبة تحميل الوزن","AAOS Clinical Practice Guideline: Management of Anterior Cruciate Ligament Injuries (2022)","AAOS • WHO_EML","قيد المراجعة","","","","",""
"العظام والمفاصل","bones.trigger","الإصبع الزنادي","Trigger finger","M65.3","رعاية منزلية ومتابعة","الجنسان","إصبع يعلَق في وضع الانثناء ثم ينفرد بطقة (3)","التهاب وتضيّق غمد وتر الإصبع فيعلق الإصبع منثنيًا ثم ينفرد بطقة.","الراحة وتجنب القبض الشديد وجبيرة ليلية، وحقنة كورتيزون أو جراحة بسيطة عند الاستمرار.","","","","مضادات الالتهاب غير الستيرويدية: ibuprofen, naproxen — أقل مدة ممكنة؛ الحذر مع أمراض المعدة والكلى والقلب","جبيرة للإصبع • حقن كورتيزون في غمد الوتر • جراحة تحرير بكرة الوتر عند فشل الحقن","تجنب القبض القوي المتكرر • تمارين إطالة لطيفة للأصابع","NICE Clinical Knowledge Summary: Trigger finger","NICE • WHO_EML","قيد المراجعة","","","","",""
"العظام والمفاصل","bones.pmr","ألم العضلات الروماتزمي","Polymyalgia rheumatica","M35.3","راجع الطبيب المختص","الجنسان","ألم وتيبّس في الكتفين والوركين صباحًا لدى من تجاوز الخمسين (3)","التهاب يصيب من تجاوزوا الخمسين، يسبب ألمًا وتيبّسًا صباحيًا في الكتفين والوركين.","تحاليل الالتهاب، والعلاج بجرعة صغيرة من الكورتيزون باستجابة سريعة. الصداع الجديد أو اضطراب الرؤية معه يستدعي الطوارئ.","","سرعة الترسيب والبروتين التفاعلي (ESR/CRP) • صورة دم كاملة ووظائف الكبد والكلى • العامل الروماتويدي و(Anti-CCP) لاستبعاد أمراض أخرى • إنزيم العضلات (CK) ووظائف الغدة الدرقية (TSH)","موجات فوق صوتية على الكتفين والوركين (Ultrasound) عند الحاجة","الكورتيزون: prednisolone — بوصفة طبية فقط؛ يُخفَّض تدريجيًا ولا يُوقف فجأة • حماية العظام مع الكورتيزون طويل الأمد: calcium carbonate, colecalciferol, alendronic acid — بوصفة طبية فقط • دواء موفّر للكورتيزون عند الانتكاس: methotrexate — بوصفة استشاري فقط","","مراجعة الطوارئ فورًا عند صداع جديد أو اضطراب الرؤية أو ألم الفك عند المضغ","EULAR/ACR recommendations for the management of polymyalgia rheumatica (2015)","EULAR • ACR • WHO_EML","قيد المراجعة","","","","",""
"الباطنة والجهاز الهضمي","internal.appendicitis","التهاب الزائدة الدودية","Appendicitis","K35.8","طوارئ فورًا","الجنسان","ألم بدأ حول السُّرّة ثم انتقل إلى أسفل يمين البطن (3) • يزداد الألم مع الحركة أو السعال أو العطس (3) • ألم أو مغص مستمر في البطن (2) • غثيان أو قيء مصاحب للألم (2) • فقدان الشهية (2) • حُمّى مستمرة (1)","التهاب في الزائدة الدودية، وهي كيس صغير متصل بالأمعاء الغليظة، وقد تنفجر إذا تأخر علاجها فينتشر الالتهاب في البطن.","حالة جراحية طارئة: تُستأصل الزائدة بالمنظار أو بالجراحة المفتوحة في أسرع وقت. لا تتناول مسكنات أو ملينات قبل الفحص.","ألم بدأ حول السرة وانتقل إلى أسفل اليمين ويزداد مع الحركة يستدعي الطوارئ.","صورة دم كاملة والبروتين التفاعلي (CBC, CRP) • تحليل البول (Urinalysis) • اختبار الحمل للنساء في سن الإنجاب (β-hCG)","موجات فوق صوتية على البطن (Ultrasound) خاصة للأطفال والحوامل • أشعة مقطعية على البطن (CT)","مضادات حيوية وريدية: ceftriaxone, cefuroxime, metronidazole — تُعطى في المستشفى • مسكنات ومحاليل وريدية: paracetamol, morphine — تُعطى في المستشفى","استئصال الزائدة الدودية بالمنظار أو بالجراحة المفتوحة • علاج بالمضادات الحيوية وحدها لحالات مختارة غير معقدة","الاتصال بالإسعاف (123) أو التوجه للطوارئ فورًا • الامتناع عن الأكل والشرب حتى تقييم الطبيب","WSES Jerusalem guidelines for diagnosis and treatment of acute appendicitis (2020 update)","WHO_EML • IDSA","متحقق من مصادر","","","","",""
"الباطنة والجهاز الهضمي","internal.gallstones","حصوات المرارة أو التهابها","Gallstones","K80.2","فحص عاجل خلال 24 ساعة","الجنسان","ألم مفاجئ أعلى يمين البطن يزداد بعد الطعام الدسم (3) • ألم يمتد إلى الظهر أو الكتف الأيمن (2) • غثيان أو قيء مصاحب للألم (2) • حُمّى مستمرة (2)","حصوات صلبة داخل المرارة تعيق خروج العصارة الصفراوية، وقد تسبب التهابًا حادًا في المرارة.","في النوبة البسيطة: تجنّب الدهون ومتابعة طبيب الباطنة وإجراء موجات فوق صوتية. الحمّى أو الألم المستمر أو اليرقان تستدعي الطوارئ، والعلاج النهائي غالبًا استئصال المرارة بالمنظار.","ألم أعلى يمين البطن بعد وجبة دسمة يمتد إلى الكتف الأيمن.","وظائف الكبد والبيليروبين (LFT) • إنزيم الليبيز أو الأميليز (Lipase/Amylase) • صورة دم كاملة (CBC)","موجات فوق صوتية على البطن (Ultrasound) • رنين مغناطيسي على القنوات الصفراوية (MRCP) عند الشك في حصوة بالقناة","مسكنات المغص المراري: diclofenac, paracetamol — بوصفة طبية؛ الحذر مع أمراض المعدة والكلى • مضادات حيوية عند التهاب المرارة الحاد: ceftriaxone, metronidazole — بوصفة طبية فقط؛ تُعطى غالبًا في المستشفى","استئصال المرارة بالمنظار • منظار القنوات الصفراوية (ERCP) لإزالة حصوة القناة","تقليل الوجبات الدسمة الثقيلة • التوجه للطوارئ عند حمى أو اصفرار أو ألم مستمر","NICE CG188 Gallstone disease: diagnosis and management (2014)","NICE • WHO_EML","متحقق من مصادر","","","","",""
"الباطنة والجهاز الهضمي","internal.pancreatitis","التهاب البنكرياس الحاد","Acute pancreatitis","K85.9","طوارئ فورًا","الجنسان","ألم شديد مستمر أعلى البطن يمتد إلى الظهر كالحزام (3) • غثيان أو قيء مصاحب للألم (2) • حُمّى مستمرة (1)","التهاب مفاجئ في البنكرياس، أشهر أسبابه حصوات المرارة والكحول، وقد يكون خطيرًا.","دخول المستشفى للمحاليل الوريدية وتسكين الألم والصيام المؤقت ومعالجة السبب.","ألم شديد ثابت أعلى البطن يخترق إلى الظهر مع قيء متكرر.","إنزيم الليبيز أو الأميليز في الدم (Lipase/Amylase) • صورة دم كاملة ووظائف الكبد والكلى • الدهون الثلاثية والكالسيوم في الدم • البروتين التفاعلي (CRP) لتقدير الشدة","موجات فوق صوتية على البطن للبحث عن حصوات المرارة • أشعة مقطعية بالصبغة (CT) عند الشك أو لتقييم المضاعفات","محاليل وريدية: sodium lactate (compound solution), sodium chloride — تُعطى في المستشفى • مسكنات الألم: paracetamol, morphine — تُعطى في المستشفى؛ المورفين تحت إشراف طبي","تغذية مبكرة بالفم أو بأنبوب حسب التحمل • منظار القنوات الصفراوية (ERCP) عند انسداد بحصوة أو التهاب القنوات • استئصال المرارة لاحقًا إذا كان السبب حصوات • تصريف التجمعات أو النخر المصاب عند الحاجة","الاتصال بالإسعاف (123) أو التوجه للطوارئ فورًا • الامتناع التام عن الكحول","NICE NG104 Pancreatitis (2018)","NICE • ACG • WHO_EML","قيد المراجعة","","","","",""
"الباطنة والجهاز الهضمي","internal.hepatitis","التهاب الكبد الفيروسي","Viral hepatitis","B19.9","فحص عاجل خلال 24 ساعة","الجنسان","اصفرار العينين أو الجلد (3) • بول داكن كلون الشاي (2) • فقدان الشهية (1) • حُمّى مستمرة (1) • غثيان أو قيء مصاحب للألم (1)","التهاب في الكبد تسببه فيروسات (أ، ب، ج وغيرها)، ومن علاماته اليرقان واصفرار العينين.","تحاليل وظائف الكبد والفيروسات لتحديد النوع. التهاب الكبد (ج) له علاج شافٍ بالأقراص، و(ب) له علاج يحدّ من نشاطه، و(أ) يشفى غالبًا بالراحة والمتابعة.","اصفرار العينين مع بول داكن علامة تستوجب تحاليل الكبد سريعًا.","وظائف الكبد (ALT, AST, Bilirubin) • فحوص الفيروسات (HAV IgM, HBsAg, Anti-HCV) • الحمل الفيروسي (HBV DNA / HCV RNA) • زمن التخثر (INR)","موجات فوق صوتية على الكبد (Ultrasound) • تصوير مرونة الكبد (Elastography) لتقدير التليّف","مضادات فيروسية مباشرة لالتهاب الكبد (ج): sofosbuvir, daclatasvir, velpatasvir — بوصفة اختصاصي فقط • مضادات فيروسية لالتهاب الكبد (ب) المزمن: tenofovir disoproxil fumarate, entecavir — بوصفة اختصاصي فقط؛ لا يُوقف دون استشارة","متابعة دورية لوظائف الكبد وتقييم درجة التليّف • تطعيم المخالطين ضد التهاب الكبد (أ) و(ب)","الامتناع عن الكحول والأدوية والأعشاب غير الموصوفة • عدم مشاركة الأدوات الحادة أو فرش الأسنان • غسل اليدين جيدًا لمنع انتقال التهاب الكبد (أ)","WHO Guidelines for the prevention, diagnosis, care and treatment for people with chronic hepatitis B infection (2024)","WHO • WHO_EML • AASLD • EASL","قيد المراجعة","","","","",""
"الباطنة والجهاز الهضمي","internal.anemia","فقر الدم (الأنيميا)","Anemia","D64.9","راجع الطبيب المختص","الجنسان","شحوب وإرهاق ونهجان مع أقل مجهود (3) • فقدان وزن غير مبرَّر (1)","انخفاض الهيموجلوبين في الدم، وأشهر أسبابه نقص الحديد، فيقل الأكسجين الواصل إلى الأنسجة.","صورة دم كاملة ومخزون الحديد لتحديد السبب، ثم مكملات الحديد أو علاج السبب الأساسي (كنزيف خفي أو اضطراب الدورة).","إذا صاحبه براز أسود أو نزيف فلا بد من البحث عن مصدر النزيف.","صورة دم كاملة (CBC) • مخزون الحديد (Ferritin) • فيتامين ب12 وحمض الفوليك (B12, Folate) • فحص السيلياك (tTG-IgA) أو الدم الخفي حسب الحالة","","الحديد الفموي: ferrous sulfate, ferrous fumarate — قد يسبب إمساكًا وبرازًا داكنًا؛ يُحفظ بعيدًا عن الأطفال • الحديد الوريدي عند عدم التحمل أو عدم الاستجابة: ferric carboxymaltose, iron sucrose — يُعطى في المستشفى أو العيادة • فيتامين ب12 أو حمض الفوليك عند النقص: hydroxocobalamin, folic acid","منظار علوي وسفلي لنقص الحديد غير المفسّر • نقل دم في فقر الدم الشديد","غذاء غني بالحديد كاللحوم والبقوليات والخضروات الورقية • تناول الحديد بعيدًا عن الشاي والقهوة","British Society of Gastroenterology guidelines for the management of iron deficiency anaemia in adults (2021)","NICE • ASH • WHO_EML","قيد المراجعة","","","","",""
"الباطنة والجهاز الهضمي","internal.ckd","مرض الكلى المزمن","Chronic kidney disease","N18.9","راجع الطبيب المختص","الجنسان","تورّم حول العينين والساقين مع رغوة في البول أو قلة كميته (3) • شحوب وإرهاق ونهجان مع أقل مجهود (1)","تراجع تدريجي في وظائف الكلى لأكثر من ثلاثة أشهر، وأشهر أسبابه السكري وارتفاع الضغط. يُقسَّم إلى خمس مراحل حسب معدل الترشيح الكبيبي (eGFR) وفق إرشادات KDIGO.","ضبط السكر والضغط، وأدوية تحمي الكلى، وتجنّب المسكنات المضرّة بالكلى، ومتابعة لدى طبيب الكلى. المرحلة الخامسة قد تحتاج إلى غسيل أو زراعة.","اعرف مرحلتك من نتيجة eGFR عبر «حاسبة المراحل».","الكرياتينين ومعدل الترشيح الكلوي (Creatinine, eGFR) • نسبة الألبومين إلى الكرياتينين في البول (uACR) • الأملاح والبوتاسيوم والهيموجلوبين • سكر الدم والدهون (HbA1c, Lipids)","موجات فوق صوتية على الكلى (Ultrasound)","مثبطات الإنزيم المحوّل أو حاصرات مستقبلات الأنجيوتنسين: lisinopril, enalapril, losartan — بوصفة طبية فقط؛ متابعة البوتاسيوم؛ ممنوعة في الحمل • مثبطات (SGLT2): dapagliflozin, empagliflozin — بوصفة طبية فقط • خافضات الكوليسترول (الستاتينات): atorvastatin, simvastatin — بوصفة طبية فقط","ضبط ضغط الدم والسكر وفق أهداف علاجية • غسيل الكلى أو زراعة الكلية في المرحلة المتقدمة","تقليل الملح وتجنب مضادات الالتهاب غير الستيرويدية دون استشارة • الإقلاع عن التدخين","KDIGO 2024 Clinical Practice Guideline for the Evaluation and Management of Chronic Kidney Disease","KDIGO • NICE • WHO_EML","قيد المراجعة","","","","",""
"الباطنة والجهاز الهضمي","internal.cirrhosis","تليّف الكبد","Liver cirrhosis","K74.6","فحص عاجل خلال 24 ساعة","الجنسان","انتفاخ البطن بالسوائل مع تورّم الساقين لدى مريض كبد (3) • اصفرار العينين أو الجلد (2) • بول داكن كلون الشاي (1)","تندّب مزمن في الكبد يضعف وظائفه، وأشهر أسبابه التهاب الكبد (ب) و(ج) والكبد الدهني والكحول.","علاج السبب (مثل علاج فيروس ج)، وأدوية مدرّة للبول للاستسقاء، وتقليل الملح، ومنظار دوري لدوالي المريء. القيء الدموي أو التشوّش يستدعيان الطوارئ.","","وظائف الكبد والألبومين وزمن التخثر (LFT, INR) • صورة دم كاملة (CBC) • فحوص الأسباب كفيروسات الكبد (HBsAg, Anti-HCV) • ألفا فيتو بروتين (AFP) ضمن مراقبة سرطان الكبد","موجات فوق صوتية دورية على البطن لمراقبة سرطان الكبد • تصوير مرونة الكبد (Elastography)","حاصرات بيتا غير الانتقائية للوقاية من نزيف الدوالي: propranolol, carvedilol — بوصفة طبية فقط • مدرّات البول لعلاج الاستسقاء: spironolactone, furosemide — بوصفة طبية فقط مع متابعة الأملاح ووظائف الكلى • علاج اعتلال الدماغ الكبدي: lactulose, rifaximin — بوصفة طبية فقط","منظار علوي للكشف عن دوالي المريء وربطها • بزل سائل الاستسقاء عند الحاجة • تقييم زراعة الكبد في الحالات المتقدمة","الامتناع التام عن الكحول • تجنب مضادات الالتهاب غير الستيرويدية والأعشاب دون استشارة • التوجه للطوارئ عند قيء دموي أو براز أسود أو تشوّش","NICE NG50 Cirrhosis in over 16s: assessment and management (2016)","NICE • AASLD • EASL • WHO_EML","قيد المراجعة","","","","",""
"الباطنة والجهاز الهضمي","internal.kidneystone","حصوات الكلى","Kidney stones","N20.0","فحص عاجل خلال 24 ساعة","الجنسان","ألم مفاجئ شديد في الخاصرة أو أسفل الظهر في جانب واحد (3) • ألم يأتي على شكل موجات (يشتد ثم يهدأ) (3) • ألم يمتد إلى الحوض أو أعلى الفخذ (2) • دم في البول (2) • غثيان أو قيء مصاحب للألم (1)","بلورات صلبة من الأملاح تتكوّن في الكلية أو الحالب، وتسبب مغصًا شديدًا عندما تسدّ مجرى البول.","مسكنات وإكثار من شرب الماء للحصوات الصغيرة، وقد تحتاج الكبيرة إلى تفتيت أو منظار لدى طبيب المسالك. الألم غير المحتمل أو المصحوب بحمّى يستدعي الطوارئ.","مغص مفاجئ شديد في الخاصرة على شكل موجات يمتد إلى الحوض مع غثيان.","تحليل البول (Urinalysis) • وظائف الكلى والكالسيوم وحمض اليوريك • صورة دم كاملة (CBC) عند الحمى • تحليل الحصوة بعد خروجها","أشعة مقطعية منخفضة الجرعة دون صبغة (Non-contrast CT) • موجات فوق صوتية (Ultrasound) للحوامل والأطفال","مضادات الالتهاب غير الستيرويدية لمغص الكلى: diclofenac, ibuprofen — الحذر مع ضعف وظائف الكلى • حاصرات ألفا لتسهيل خروج حصوة الحالب: tamsulosin — بوصفة طبية فقط","تفتيت الحصوات بالموجات التصادمية (ESWL) • منظار الحالب مع التفتيت بالليزر (URS) • استخراج الحصوة عبر الجلد (PCNL) للحصوات الكبيرة • تصريف عاجل بقسطرة أو أنبوب عند الانسداد مع العدوى","الإكثار من شرب الماء • تقليل الملح في الطعام • التوجه للطوارئ عند حمى مع ألم الكلى","NICE NG118 Renal and ureteric stones: assessment and management (2019)","NICE • EAU • AUA • WHO_EML","متحقق من مصادر","","","","",""
"الباطنة والجهاز الهضمي","internal.uti","التهاب المسالك البولية","Urinary tract infection","N39.0","راجع الطبيب المختص","الجنسان","حرقان أثناء التبول وكثرة التبول (3) • دم في البول (1) • حُمّى مستمرة (1) • ألم أو مغص مستمر في البطن (1)","عدوى بكتيرية في المثانة أو مجرى البول، وهي أشيع لدى النساء.","مضاد حيوي مناسب بعد تحليل البول يحدده الطبيب، مع الإكثار من السوائل. الحمّى وألم الخاصرة يشيران إلى وصول العدوى إلى الكلى ويستدعيان فحصًا عاجلًا.","الحرقان وكثرة التبول هما العرضان الأساسيان.","تحليل البول بالشريط أو المجهر (Urinalysis) • مزرعة بول (Urine culture) عند الحاجة • اختبار الحمل للنساء عند الحاجة","موجات فوق صوتية على الجهاز البولي عند التكرار أو لدى الرجال","مضادات حيوية لالتهاب المثانة غير المعقد: nitrofurantoin, fosfomycin, trimethoprim, pivmecillinam — بوصفة طبية فقط؛ يختار الطبيب حسب الحمل ووظائف الكلى","","الإكثار من شرب السوائل • مسكن بسيط كالباراسيتامول لتخفيف الألم • مراجعة الطبيب فورًا عند حمى أو ألم في الخاصرة","NICE NG109 Urinary tract infection (lower): antimicrobial prescribing (2018)","NICE • IDSA • EAU • WHO_EML","قيد المراجعة","","","","",""
"الباطنة والجهاز الهضمي","internal.ibs","متلازمة القولون العصبي","Irritable bowel syndrome","K58.9","راجع الطبيب المختص","الجنسان","انتفاخ بعد الأكل (3) • ألم أو مغص مستمر في البطن (2) • إمساك مزمن أو إجهاد شديد عند التبرّز (1)","اضطراب وظيفي مزمن في حركة الأمعاء يسبب مغصًا وانتفاخًا وتغيّرًا في الإخراج دون مرض عضوي.","تعديل النظام الغذائي (مثل نظام منخفض الـFODMAP)، وتخفيف التوتر، وأحيانًا أدوية لتنظيم حركة الأمعاء يحددها طبيب الباطنة.","لا يصاحبه فقدان وزن ولا دم ولا حمّى؛ فإن وُجدت وجب الفحص.","صورة دم كاملة والبروتين التفاعلي (CBC, CRP) • فحص السيلياك (tTG-IgA) • كالبروتكتين البراز (Faecal calprotectin) عند الإسهال","","مضادات التقلّص: mebeverine, hyoscine butylbromide, peppermint oil • ملينات زيادة حجم البراز: ispaghula husk • مضاد الإسهال للنمط الإسهالي: loperamide — لا يُستخدم مع حمى أو دم في البراز • مضاد اكتئاب ثلاثي بجرعة منخفضة كخط ثانٍ: amitriptyline — بوصفة طبية فقط","العلاج المعرفي السلوكي (CBT) أو التنويم الموجّه للأمعاء عند استمرار الأعراض • استشارة اختصاصي تغذية لنظام منخفض (FODMAP)","وجبات منتظمة وتقليل الكافيين والأطعمة الدهنية والغازية • نشاط بدني منتظم وإدارة التوتر","NICE CG61 Irritable bowel syndrome in adults: diagnosis and management (2008, updated 2017)","NICE • ACG • WHO_EML","متحقق من مصادر","","","","",""
"الباطنة والجهاز الهضمي","internal.hemorrhoids","البواسير","Hemorrhoids","K64.9","راجع الطبيب المختص","الجنسان","دم أحمر فاتح على البراز أو المناديل (3) • إمساك مزمن أو إجهاد شديد عند التبرّز (2)","تضخّم في الأوردة المحيطة بفتحة الشرج نتيجة زيادة الضغط عليها، ومن أشهر أسباب نزول دم فاتح مع البراز.","الألياف والسوائل، والكريمات الموضعية، وتدخل بسيط لدى الجرّاح في الحالات المتقدمة.","نزيف أحمر فاتح غالبًا دون ألم، مع إمساك.","","","ملينات زيادة حجم البراز: ispaghula husk • مستحضرات موضعية لتخفيف الأعراض: lidocaine (topical), hydrocortisone (topical) — لمدة قصيرة فقط","فحص بالمنظار الشرجي (Proctoscopy) • ربط البواسير بالحلقات المطاطية • استئصال البواسير جراحيًا للدرجات المتقدمة • منظار القولون عند وجود نزيف مع عوامل خطورة","زيادة الألياف والسوائل • تجنب الحزق والجلوس الطويل في الحمام • مغطس ماء دافئ","ASCRS Clinical Practice Guidelines for the Management of Hemorrhoids","NICE • ACG","متحقق من مصادر","","","","",""
"الباطنة والجهاز الهضمي","internal.fissure","الشرخ الشرجي","Anal fissure","K60.2","راجع الطبيب المختص","الجنسان","ألم حاد أثناء التبرّز (3) • دم أحمر فاتح على البراز أو المناديل (2) • إمساك مزمن أو إجهاد شديد عند التبرّز (2)","جرح صغير في بطانة فتحة الشرج، ينتج غالبًا عن إمساك شديد.","تليين البراز، والمغاطس الدافئة، والمراهم الموضعية؛ وقد يحتاج الشرخ المزمن إلى تقييم جراحي.","العلامة المميِّزة: ألم حاد أثناء التبرّز نفسه.","","","مرخيات العضلة العاصرة الموضعية: glyceryl trinitrate (topical), diltiazem (topical) — بوصفة طبية فقط؛ قد يسبب الصداع • ملينات لتليين البراز: ispaghula husk, lactulose • مخدر موضعي: lidocaine (topical)","حقن توكسين البوتولينوم في العضلة العاصرة عند فشل العلاج الموضعي • قطع جزئي للعضلة العاصرة الداخلية (LIS) للشقوق المزمنة","زيادة الألياف والسوائل لتليين البراز • مغطس ماء دافئ بعد التبرز","ASCRS Clinical Practice Guideline for the Management of Anal Fissures","NICE • ACG","متحقق من مصادر","","","","",""
"الباطنة والجهاز الهضمي","internal.gastroenteritis","النزلة المعوية الحادة","Gastroenteritis","A09","رعاية منزلية ومتابعة","الجنسان","إسهال أو قيء بدأ فجأة منذ يوم أو أيام قليلة (3) • غثيان أو قيء مصاحب للألم (2) • ألم أو مغص مستمر في البطن (1) • حُمّى مستمرة (1)","التهاب في بطانة المعدة والأمعاء غالبًا بسبب فيروس أو طعام ملوث، يسبب إسهالًا وقيئًا بضعة أيام.","محلول الإرواء الفموي والسوائل الكافية وطعام خفيف. راجع الطبيب عند وجود دم في البراز أو علامات جفاف أو استمرار الأعراض أكثر من ثلاثة أيام.","بداية مفاجئة للإسهال أو القيء، وأحيانًا يصاب المخالطون بالأعراض نفسها.","تحليل البراز أو مزرعته عند وجود دم أو استمرار الإسهال • الأملاح ووظائف الكلى عند الجفاف الشديد","","محلول الإرواء الفموي (ORS): oral rehydration salts • الزنك للأطفال المصابين بالإسهال: zinc sulfate — الجرعة حسب العمر والوزن يحددها طبيب الأطفال • مضاد الإسهال للبالغين فقط: loperamide — لا يُعطى للأطفال أو مع دم في البراز أو حمى","محاليل وريدية في الجفاف الشديد","شرب محلول الإرواء والسوائل بكثرة • الاستمرار في الأكل الخفيف والرضاعة للأطفال • غسل اليدين جيدًا","WHO The treatment of diarrhoea: a manual for physicians and other senior health workers (2005)","WHO • WHO_EML • NICE • CDC","متحقق من مصادر","","","","",""
"الباطنة والجهاز الهضمي","internal.ibd","التهاب القولون التقرحي أو داء كرون","Inflammatory bowel disease","K51.9","راجع الطبيب المختص","الجنسان","إسهال مستمر أكثر من أسبوعين (3) • ألم أو مغص مستمر في البطن (2) • فقدان وزن غير مبرَّر (2) • حُمّى مستمرة (1) • دم أحمر فاتح على البراز أو المناديل (1)","التهاب مناعي مزمن في الأمعاء يسبب نوبات متكررة من الإسهال الدموي وألم البطن.","أدوية مضادة للالتهاب أو معدِّلة للمناعة يحددها طبيب الجهاز الهضمي، مع متابعة بالمنظار.","إسهال مستمر لأسابيع مع دم وفقدان وزن، لا نوبة قصيرة.","صورة دم كاملة والبروتين التفاعلي (CBC, CRP) • كالبروتكتين البراز (Faecal calprotectin) • مزرعة البراز وفحص المطثية العسيرة لاستبعاد العدوى","رنين مغناطيسي على الأمعاء (MR enterography) • أشعة مقطعية على البطن (CT) عند الشك في مضاعفات","أمينوساليسيلات لالتهاب القولون التقرحي: mesalazine, sulfasalazine — بوصفة طبية فقط • الكورتيزون للنوبات: prednisolone, budesonide — بوصفة طبية فقط؛ لفترة محدودة • مثبطات المناعة: azathioprine, mercaptopurine, methotrexate — بوصفة اختصاصي فقط مع تحاليل دورية • أدوية حيوية: infliximab, adalimumab, vedolizumab — بوصفة اختصاصي؛ فحص السل والتهاب الكبد قبل البدء","منظار القولون مع خزعات للتشخيص والمتابعة • جراحة استئصال الجزء المصاب عند المضاعفات أو فشل العلاج","الإقلاع عن التدخين خاصة في داء كرون","British Society of Gastroenterology consensus guidelines on the management of inflammatory bowel disease in adults (2019)","NICE • ACG • WHO_EML","متحقق من مصادر","","","","",""
"الباطنة والجهاز الهضمي","internal.ulcer","قرحة المعدة أو الاثني عشر","Peptic ulcer","K27.9","راجع الطبيب المختص","الجنسان","حرقان أو ألم في فم المعدة (أعلى منتصف البطن) (3) • براز أسود قطراني أو دم داكن (2) • غثيان أو قيء مصاحب للألم (1) • انتفاخ بعد الأكل (1)","تقرّح في بطانة المعدة أو الاثني عشر، غالبًا بسبب جرثومة المعدة (الملوية البوابية) أو الإفراط في المسكنات.","أدوية تقلل حمض المعدة وعلاج الجرثومة إن وُجدت. البراز الأسود أو القيء الدموي يستدعيان الطوارئ.","حرقان في فم المعدة؛ والبراز الأسود يعني نزيفًا يستدعي الطوارئ.","فحص جرثومة المعدة بالنفس أو البراز (H. pylori) • صورة دم كاملة (CBC) عند الشك في نزيف","","مثبطات مضخة البروتون: omeprazole, lansoprazole — بوصفة طبية؛ لفترة يحددها الطبيب • علاج جرثومة المعدة متعدد الأدوية: amoxicillin, clarithromycin, metronidazole, bismuth — بوصفة طبية فقط؛ يجب إكمال المدة كاملة","منظار علوي للتشخيص وأخذ خزعات ومتابعة قرحة المعدة • إيقاف أو تعديل المسكنات غير الستيرويدية والأسبرين بإشراف الطبيب","تجنب المسكنات غير الستيرويدية دون استشارة • الإقلاع عن التدخين وتقليل الكحول • التوجه للطوارئ عند قيء دموي أو براز أسود","NICE CG184 Gastro-oesophageal reflux disease and dyspepsia in adults: investigation and management (2014, updated 2019)","NICE • ACG • WHO_EML","متحقق من مصادر","","","","",""
"الباطنة والجهاز الهضمي","internal.gerd","ارتجاع المريء","Gastroesophageal reflux disease","K21.9","رعاية منزلية ومتابعة","الجنسان","حموضة وحرقان خلف عظمة القص بعد الأكل أو عند الاستلقاء (3) • حرقان أو ألم في فم المعدة (أعلى منتصف البطن) (1) • انتفاخ بعد الأكل (1)","ارتداد حمض المعدة إلى المريء بسبب ضعف العضلة العاصرة بينهما، فيسبب الحموضة والحرقان.","وجبات صغيرة، وعدم الاستلقاء قبل مرور ثلاث ساعات على الأكل، ورفع رأس السرير، وتقليل الدهون والقهوة والتدخين. أدوية الحموضة تحت إشراف طبي عند الاستمرار.","حرقان خلف القص بعد الأكل أو عند النوم. ⚠️ إن ارتبط الألم بالمجهود أو بعرق بارد ففكّر في القلب.","","","مضادات الحموضة والألجينات: aluminium hydroxide, magnesium hydroxide, sodium alginate • مثبطات مضخة البروتون: omeprazole, lansoprazole, esomeprazole — لفترة محددة ثم يراجع الطبيب الحاجة إليها • حاصرات مستقبلات الهيستامين (H2): famotidine","منظار علوي عند صعوبة البلع أو فقدان الوزن أو علامات إنذار أخرى • جراحة تثبيت فم المعدة (Fundoplication) لحالات مختارة","إنقاص الوزن وتجنب الأكل قبل النوم بثلاث ساعات • رفع رأس السرير • تقليل الوجبات الدسمة والقهوة والتدخين","NICE CG184 Gastro-oesophageal reflux disease and dyspepsia in adults: investigation and management (2014, updated 2019)","NICE • ACG • WHO_EML","قيد المراجعة","","","","",""
"الباطنة والجهاز الهضمي","internal.diverticular","نزيف رتوج القولون","Diverticular bleeding","K57.3","فحص عاجل خلال 24 ساعة","الجنسان","دم أحمر فاتح على البراز أو المناديل (2) • إمساك مزمن أو إجهاد شديد عند التبرّز (1) • ألم أو مغص مستمر في البطن (1)","نزيف من جيوب صغيرة تتكوّن في جدار القولون مع التقدم في العمر، يكون غالبًا مفاجئًا وغزيرًا ودون ألم.","تقييم عاجل لدى طبيب الجهاز الهضمي؛ يتوقف غالبًا تلقائيًا، وقد تحتاج بعض الحالات إلى منظار.","أكثر شيوعًا بعد سن الخمسين.","صورة دم كاملة (CBC) وفصيلة الدم والتوافق • زمن التخثر ووظائف الكلى (INR, Creatinine)","أشعة مقطعية على الأوعية (CT angiography) عند النزيف النشط • تصوير الأوعية بالقسطرة (Angiography) عند الحاجة","محاليل وريدية ونقل دم عند الحاجة: sodium chloride, sodium lactate (compound solution) — تُعطى في المستشفى","منظار القولون للتشخيص وإيقاف النزيف • سدّ الوعاء النازف بالقسطرة (Embolization) • جراحة استئصال جزء من القولون عند النزيف المستمر","التوجه للطوارئ عند نزيف غزير أو دوخة • عدم إيقاف أدوية السيولة أو بدئها دون استشارة الطبيب","ACG Clinical Guideline: Management of Patients With Acute Lower Gastrointestinal Bleeding (2023)","ACG","متحقق من مصادر","","","","",""
"الباطنة والجهاز الهضمي","internal.colon_check","أعراض تستدعي منظار القولون لاستبعاد ورم","Colorectal cancer screening","R19.4","فحص عاجل خلال 24 ساعة","الجنسان","فقدان وزن غير مبرَّر (3) • تغيّر مستمر وغير مبرَّر في عادات الإخراج (3) • دم أحمر فاتح على البراز أو المناديل (1) • براز أسود قطراني أو دم داكن (1) • ألم أو مغص مستمر في البطن (1)","اجتماع النزيف المستمر مع تغيّر عادات الإخراج وفقدان الوزن يستلزم منظار القولون لاستبعاد سبب خطير، وهذا ليس تشخيصًا.","إحالة إلى طبيب الجهاز الهضمي لإجراء منظار القولون؛ فالاكتشاف المبكر ينقذ الحياة، فلا تؤجّله.","أهميته أكبر بعد سن 45 أو مع وجود تاريخ عائلي.","صورة دم كاملة ومخزون الحديد (CBC, Ferritin) • فحص الدم الخفي المناعي في البراز (FIT)","تصوير القولون بالأشعة المقطعية (CT colonography) إذا تعذّر المنظار","","منظار القولون مع أخذ خزعات • إحالة عاجلة وفق مسار الاشتباه بالسرطان","","NICE NG12 Suspected cancer: recognition and referral (2015, updated)","NICE • ACG","متحقق من مصادر","","","","",""
"الباطنة والجهاز الهضمي","internal.celiac","حساسية القمح (الداء البطني / السيلياك)","Celiac disease","K90.0","راجع الطبيب المختص","الجنسان","انتفاخ وإسهال وفقدان وزن مع أكل الخبز والقمح (3) • فقدان وزن غير مبرَّر (1) • إسهال مستمر أكثر من أسبوعين (1)","مرض مناعي تتلف فيه بطانة الأمعاء الدقيقة بسبب الجلوتين الموجود في القمح والشعير.","تحليل أجسام مضادة ثم منظار للتأكيد قبل إيقاف القمح، والعلاج نظام غذائي خالٍ من الجلوتين مدى الحياة.","","أجسام مضادة لإنزيم ترانسغلوتاميناز (tTG-IgA) مع IgA الكلي • صورة دم كاملة والحديد وفيتامين د وب12","قياس كثافة العظام (DXA) عند الحاجة","مكملات لتعويض النقص عند الحاجة: ferrous sulfate, folic acid, calcium carbonate, colecalciferol","منظار علوي مع خزعات من الاثني عشر لتأكيد التشخيص • متابعة مع اختصاصي تغذية","عدم إيقاف الغلوتين قبل اكتمال التحاليل والمنظار • الالتزام مدى الحياة بنظام خالٍ من الغلوتين بعد التشخيص","NICE NG20 Coeliac disease: recognition, assessment and management (2015)","NICE • ACG • WHO_EML","قيد المراجعة","","","","",""
"الباطنة والجهاز الهضمي","internal.lactose","عدم تحمّل اللاكتوز","Lactose intolerance","E73.9","رعاية منزلية ومتابعة","الجنسان","انتفاخ وغازات وإسهال بعد شرب الحليب (3) • انتفاخ بعد الأكل (1)","نقص الإنزيم الذي يهضم سكر الحليب، فتظهر غازات وانتفاخ وإسهال بعد تناول الألبان.","تقليل الحليب أو استخدام ألبان خالية من اللاكتوز، والزبادي والأجبان المعتّقة غالبًا محتملة، مع ضمان الكالسيوم.","","اختبار تنفس الهيدروجين (Hydrogen breath test) • فحص السيلياك (tTG-IgA) عند الشك","","","استشارة اختصاصي تغذية لضمان كفاية الكالسيوم","تقليل منتجات الألبان أو اختيار الخالية من اللاكتوز • تجربة كميات صغيرة من الزبادي والأجبان الصلبة • تعويض الكالسيوم من مصادر غذائية أخرى","AAP Clinical Report: Lactose Intolerance in Infants, Children, and Adolescents (2006)","AAP","قيد المراجعة","","","","",""
"الباطنة والجهاز الهضمي","internal.constipation","الإمساك المزمن","Chronic constipation","K59.0","رعاية منزلية ومتابعة","الجنسان","إمساك (أقل من 3 مرات أسبوعيًا) دون أعراض أخرى (3) • إمساك مزمن أو إجهاد شديد عند التبرّز (2)","قلة مرات التبرز أو صعوبته لفترة طويلة، غالبًا بسبب قلة الألياف والسوائل والحركة.","الألياف والخضار والسوائل والحركة اليومية، وملينات آمنة عند الحاجة. الدم أو فقدان الوزن أو التغير الجديد بعد الخمسين يستدعي منظارًا.","","صورة دم كاملة والكالسيوم ووظائف الغدة الدرقية (CBC, TSH) عند الحاجة","","ملينات زيادة حجم البراز: ispaghula husk • ملينات أسموزية: macrogol, lactulose • ملينات منبّهة لفترات قصيرة: senna, bisacodyl","منظار القولون عند علامات إنذار كالنزيف أو فقدان الوزن • علاج بالارتجاع الحيوي (Biofeedback) لاضطراب الإخراج الوظيفي","زيادة الألياف والسوائل تدريجيًا • نشاط بدني منتظم • عدم تأجيل الذهاب إلى الحمام","NICE Clinical Knowledge Summary: Constipation","NICE • ACG • WHO_EML","قيد المراجعة","","","","",""
"الباطنة والجهاز الهضمي","internal.fattyliver","الكبد الدهني","Fatty liver disease","K76.0","راجع الطبيب المختص","الجنسان","ثقل أعلى يمين البطن مع زيادة الوزن أو السكري (3)","تراكم الدهون في الكبد، يرتبط بالسمنة والسكري والدهون، وقد يتطور إلى التهاب وتليّف إذا أُهمل.","إنقاص 7–10% من الوزن، والرياضة، وتقليل السكريات والمشروبات المحلاة، وضبط السكر والدهون، ومتابعة إنزيمات الكبد.","","وظائف الكبد (ALT, AST) • سكر الدم والدهون (HbA1c, Lipids) • مؤشر التليّف (FIB-4)","موجات فوق صوتية على البطن (Ultrasound) • تصوير مرونة الكبد (Elastography) لتقدير التليّف","","برنامج منظم لإنقاص الوزن • علاج السكري والضغط والدهون المصاحبة • جراحة السمنة لحالات مختارة","إنقاص الوزن تدريجيًا • نشاط بدني منتظم ونظام غذائي متوسطي • تجنب الكحول والمشروبات المحلّاة","EASL-EASD-EASO Clinical Practice Guidelines on the management of MASLD (2024)","EASL • AASLD • NICE","قيد المراجعة","","","","",""
"الباطنة والجهاز الهضمي","internal.dysphagia","صعوبة البلع المتزايدة (لاستبعاد ورم المريء)","Progressive dysphagia","R13","فحص عاجل خلال 24 ساعة","الجنسان","صعوبة متزايدة في بلع الطعام الصلب (3) • فقدان وزن غير مبرَّر (2)","صعوبة البلع التي تتزايد من الطعام الصلب إلى السوائل، خاصة مع فقدان الوزن، تحتاج إلى منظار عاجل، وهذا ليس تشخيصًا.","منظار علوي خلال أيام لدى طبيب الجهاز الهضمي لتحديد السبب (التهاب، تضيّق، ورم).","","صورة دم كاملة (CBC) • وظائف الكبد والكلى","بلع الباريوم (Barium swallow) عند الحاجة • أشعة مقطعية (CT) للصدر والبطن عند الاشتباه بورم","","منظار علوي عاجل مع أخذ خزعات • توسيع المريء بالمنظار عند وجود تضيّق • إحالة عاجلة وفق مسار الاشتباه بالسرطان","التوجه للطوارئ إذا علق الطعام وتعذّر بلع اللعاب","NICE NG12 Suspected cancer: recognition and referral (2015, updated)","NICE • ACG","قيد المراجعة","","","","",""
"الباطنة والجهاز الهضمي","internal.gastritis","التهاب المعدة وجرثومة المعدة","Gastritis / H. pylori","K29.7","رعاية منزلية ومتابعة","الجنسان","حرقان وألم بالمعدة بعد المسكنات أو مع جرثومة المعدة (3) • حرقان أو ألم في فم المعدة (أعلى منتصف البطن) (2)","التهاب بطانة المعدة، أشهر أسبابه جرثومة الملوية البوابية ومسكنات الألم، ويسبب حرقانًا وانتفاخًا.","تحليل براز أو نفس للجرثومة وعلاجها بثلاثة أو أربعة أدوية لأسبوعين، وتجنّب المسكنات غير الضرورية.","","اختبار النفس باليوريا أو مستضد البراز (H. pylori) • صورة دم كاملة (CBC) عند الشك في نزيف","","مثبطات مضخة البروتون: omeprazole, lansoprazole — بوصفة طبية؛ لفترة يحددها الطبيب • علاج جرثومة المعدة متعدد الأدوية: amoxicillin, clarithromycin, metronidazole, bismuth — بوصفة طبية فقط؛ يجب إكمال المدة كاملة","منظار علوي عند علامات الإنذار أو التقدم في العمر • اختبار تأكيد القضاء على الجرثومة بعد انتهاء العلاج","تجنب المسكنات غير الستيرويدية دون استشارة • تقليل الكحول والتدخين","Maastricht VI/Florence consensus report on the management of Helicobacter pylori infection (2022)","NICE • ACG • WHO_EML","قيد المراجعة","","","","",""
"الباطنة والجهاز الهضمي","internal.diverticulitis","التهاب رتوج القولون","Diverticulitis","K57.3","فحص عاجل خلال 24 ساعة","الجنسان","ألم أسفل يسار البطن مع حمّى (3) • حُمّى مستمرة (1)","التهاب في الجيوب الصغيرة بجدار القولون، يسبب ألمًا أسفل يسار البطن مع حمّى، أشيع بعد سن الخمسين.","تقييم عاجل وقد يلزم أشعة مقطعية، ومضاد حيوي ونظام سوائل. الألم الشديد أو الحمّى العالية يستدعيان الطوارئ.","","صورة دم كاملة والبروتين التفاعلي (CBC, CRP) • تحليل البول ووظائف الكلى","أشعة مقطعية على البطن بالصبغة (CT)","مضادات حيوية عند علامات العدوى الجهازية أو المضاعفات: amoxicillin + clavulanic acid, ciprofloxacin, metronidazole — بوصفة طبية فقط؛ قد لا تلزم في الحالات البسيطة • مسكن بسيط: paracetamol — يُفضَّل تجنب مضادات الالتهاب غير الستيرويدية","تصريف الخراج عبر الجلد بالتوجيه الإشعاعي • جراحة عند الانثقاب أو التهاب الصفاق • منظار القولون بعد التعافي عند الحاجة لاستبعاد أسباب أخرى","سوائل صافية في الأيام الأولى حسب إرشاد الطبيب • التوجه للطوارئ عند ألم شديد أو حمى مرتفعة","NICE NG147 Diverticular disease: diagnosis and management (2019)","NICE • ACG • WHO_EML","قيد المراجعة","","","","",""
"الباطنة والجهاز الهضمي","internal.obstruction","انسداد الأمعاء","Bowel obstruction","K56.6","طوارئ فورًا","الجنسان","ألم بطن شديد مع انتفاخ وتوقف خروج الغازات والبراز وقيء (3) • غثيان أو قيء مصاحب للألم (1)","توقف مرور محتوى الأمعاء بسبب التصاقات أو فتق أو ورم، ويسبب ألمًا وانتفاخًا وقيئًا وتوقف الغازات.","طوارئ فورًا: أشعة وسوائل وريدية وأنبوب لتفريغ المعدة، وقد يحتاج إلى جراحة.","","صورة دم كاملة والأملاح ووظائف الكلى • حمض اللاكتيك (Lactate)","أشعة مقطعية على البطن (CT) • أشعة سينية على البطن (X-ray)","محاليل وريدية وتعويض الأملاح: sodium chloride, sodium lactate (compound solution), potassium chloride — تُعطى في المستشفى • مسكنات ومضادات القيء: paracetamol, morphine, ondansetron — تُعطى في المستشفى","أنبوب أنفي معدي لتفريغ المعدة • مادة تباين فموية ذائبة في الماء في انسداد الالتصاقات • جراحة عند الاختناق أو فشل العلاج التحفظي","الاتصال بالإسعاف (123) أو التوجه للطوارئ فورًا • الامتناع عن الأكل والشرب","WSES Bologna guidelines for diagnosis and management of adhesive small bowel obstruction (2017 update)","WHO_EML","قيد المراجعة","","","","",""
"الباطنة والجهاز الهضمي","internal.pyelonephritis","التهاب حوض الكلية","Pyelonephritis","N10","فحص عاجل خلال 24 ساعة","الجنسان","حمّى ورعشة مع ألم في الخاصرة وحرقان في البول (3) • حرقان أثناء التبول وكثرة التبول (1)","عدوى بكتيرية وصلت من المثانة إلى الكلية، تسبب حمّى ورعشة وألمًا في الخاصرة.","مزرعة بول ومضاد حيوي في اليوم نفسه. القيء المستمر أو الحمل أو الضعف الشديد يستدعي دخول المستشفى.","","تحليل البول ومزرعته (Urinalysis, Urine culture) • صورة دم كاملة ووظائف الكلى • مزرعة دم عند الحمى الشديدة • اختبار الحمل للنساء (β-hCG)","موجات فوق صوتية على الكلى (Ultrasound) • أشعة مقطعية (CT) عند عدم التحسن أو الشك في انسداد","مضادات حيوية فموية: cefalexin, ciprofloxacin, sulfamethoxazole + trimethoprim — بوصفة طبية فقط؛ يختار الطبيب حسب المزرعة والحمل • مضادات حيوية وريدية للحالات الشديدة: ceftriaxone, gentamicin — تُعطى في المستشفى","تصريف عاجل للكلية عند وجود انسداد","شرب سوائل كافية • مسكن بسيط كالباراسيتامول للحمى والألم","NICE NG111 Pyelonephritis (acute): antimicrobial prescribing (2018)","NICE • IDSA • EAU • WHO_EML","قيد المراجعة","","","","",""
"الباطنة والجهاز الهضمي","internal.ugib","نزيف الجهاز الهضمي العلوي","Upper GI bleeding","K92.2","طوارئ فورًا","الجنسان","قيء دموي (3) • براز أسود قطراني أو دم داكن (2)","نزيف من المريء أو المعدة أو الاثني عشر يظهر قيئًا دمويًا أو بلون القهوة أو برازًا أسود.","إسعاف فوري 123: منظار عاجل وسوائل وريدية وقد يلزم نقل دم.","","صورة دم كاملة (CBC) لقياس الهيموجلوبين • فصيلة الدم واختبار التوافق لنقل الدم • وظائف الكلى واليوريا (BUN) • اختبارات التخثر (PT/INR)","أشعة مقطعية بالصبغة على الأوعية (CTA) إذا تعذّر تحديد مصدر النزيف","مثبطات مضخة البروتون وريديًا: omeprazole, pantoprazole — تُعطى في المستشفى • مضادات حيوية وقائية لمرضى تليف الكبد: ceftriaxone — تُعطى في المستشفى؛ بوصفة طبية فقط","منظار علوي عاجل لتحديد مصدر النزيف وإيقافه • سوائل وريدية ونقل دم عند الحاجة • ربط دوالي المريء بالمنظار عند وجودها","الاتصال بالإسعاف 123 فورًا • الامتناع عن الأكل والشرب حتى تقييم الطبيب","NICE CG141 Acute upper gastrointestinal bleeding in over 16s: management","NICE • ACG • WHO_EML","قيد المراجعة","","","","",""
"القلب والأوعية الدموية","heart.mi","احتمال جلطة قلبية (احتشاء عضلة القلب)","Heart attack","I21.9","طوارئ فورًا","الجنسان","ألم أو ضغط أو عصر في منتصف الصدر (3) • ألم مستمر أكثر من 15 دقيقة حتى مع الراحة (3) • ألم يمتد إلى الذراع أو الفك أو الظهر (2) • عرق بارد مفاجئ (2) • ضيق في التنفس (1)","انسداد مفاجئ في أحد الشرايين التاجية يوقف وصول الدم إلى جزء من عضلة القلب.","طوارئ قصوى: اتصل بالإسعاف 123 فورًا، وامضغ قرص أسبرين إن لم تكن لديك حساسية منه ولم يمنعك الطبيب. العلاج قسطرة أو دواء مذيب للجلطة، وكل دقيقة لها أثرها.","ألم صدر مستمر مع عرق بارد وامتداد إلى الذراع أو الفك يستدعي الطوارئ.","تخطيط القلب الكهربائي (ECG) خلال دقائق • إنزيم التروبونين القلبي (Troponin) • صورة دم كاملة (CBC) ووظائف الكلى والأملاح • دهون الدم والسكر التراكمي (HbA1c)","الموجات الصوتية على القلب (Echo) • تصوير الشرايين التاجية بالقسطرة (Coronary angiography)","مضادات الصفائح الدموية: aspirin, clopidogrel, ticagrelor — تُعطى في المستشفى • مضادات التخثر: heparin, enoxaparin — تُعطى في المستشفى • مذيبات الجلطة عند تعذّر القسطرة السريعة: alteplase, streptokinase, tenecteplase — تُعطى في المستشفى • خافضات الكوليسترول (الستاتينات): atorvastatin, simvastatin — بوصفة طبية فقط","قسطرة قلبية أولية مع توسيع الشريان وتركيب دعامة (PCI) • جراحة تحويل مسار الشرايين التاجية (CABG) لبعض الحالات • برنامج تأهيل القلب بعد الخروج","الاتصال بالإسعاف 123 فورًا • مضغ قرص أسبرين ما لم توجد حساسية منه أو منع طبي • الجلوس والراحة التامة وعدم القيادة بنفسك","ESC 2023 Guidelines for the management of acute coronary syndromes","ESC • ACC_AHA • WHO_EML","قيد المراجعة","","","","",""
"القلب والأوعية الدموية","heart.angina","الذبحة الصدرية","Angina","I20.9","فحص عاجل خلال 24 ساعة","الجنسان","ألم أو ضغط أو عصر في منتصف الصدر (3) • يأتي الألم مع المجهود ويزول بالراحة (3) • ألم يمتد إلى الذراع أو الفك أو الظهر (1) • ضيق في التنفس (1)","ألم مؤقت في الصدر بسبب نقص الدم الواصل إلى عضلة القلب أثناء المجهود، ويزول بالراحة.","فحص قلب عاجل (تخطيط قلب وتحاليل واختبار جهد)، وأدوية لتوسيع الشرايين وحماية القلب. إذا طال الألم أو جاء أثناء الراحة فتوجّه إلى الطوارئ.","يأتي الألم مع المجهود ويزول بالراحة خلال دقائق.","تخطيط القلب الكهربائي (ECG) • إنزيم التروبونين (Troponin) عند ألم حديث • دهون الدم والسكر التراكمي (HbA1c) • صورة دم كاملة (CBC) ووظائف الكلى","أشعة مقطعية على الشرايين التاجية (CCTA) • الموجات الصوتية على القلب (Echo) • اختبار جهد بالتصوير (Stress echo/MPI)","النترات قصيرة المفعول للنوبات: glyceryl trinitrate — بوصفة طبية فقط • حاصرات بيتا: bisoprolol, metoprolol — بوصفة طبية فقط • حاصرات قنوات الكالسيوم: amlodipine, verapamil — بوصفة طبية فقط • الوقاية: مضادات الصفائح والستاتينات: aspirin, atorvastatin, simvastatin — بوصفة طبية فقط","قسطرة تشخيصية للشرايين التاجية مع دعامة عند الحاجة • جراحة تحويل مسار الشرايين (CABG) لبعض الحالات • برنامج تأهيل القلب وتعديل نمط الحياة","التوقف عن المجهود عند الألم والجلوس للراحة • الإقلاع عن التدخين • الاتصال بـ123 إذا استمر الألم أكثر من بضع دقائق أو جاء أثناء الراحة","ESC 2024 Guidelines for the management of chronic coronary syndromes","ESC • NICE • ACC_AHA • WHO_EML","قيد المراجعة","","","","",""
"القلب والأوعية الدموية","heart.hf","قصور القلب","Heart failure","I50.9","فحص عاجل خلال 24 ساعة","الجنسان","ضيق تنفس عند الاستلقاء يتحسن بالجلوس (3) • تورّم في الساقين (2) • ضيق في التنفس (2)","ضعف قدرة القلب على ضخ الدم بكفاءة، فتتجمع السوائل في الرئتين والساقين.","تقييم عاجل بتخطيط القلب والموجات الصوتية (إيكو) وتحاليل، ثم أدوية تحسّن عمل القلب وتطرد السوائل الزائدة، مع تقليل الملح.","ضيق التنفس عند الاستلقاء مع تورّم الساقين علامة مميزة.","الببتيد المدر للصوديوم (BNP/NT-proBNP) • وظائف الكلى والأملاح (Electrolytes) • صورة دم كاملة (CBC) ومخزون الحديد • وظائف الغدة الدرقية (TSH)","الموجات الصوتية على القلب (Echo) • أشعة سينية على الصدر (CXR) • تخطيط القلب الكهربائي (ECG)","مدرات البول العروية لطرد السوائل: furosemide — بوصفة طبية فقط • مثبطات الإنزيم المحول أو ARNI: enalapril, ramipril, sacubitril/valsartan — بوصفة طبية فقط • حاصرات بيتا: bisoprolol, carvedilol, metoprolol — بوصفة طبية فقط؛ تُبدأ تدريجيًا • مثبطات SGLT2 ومضادات الألدوستيرون: dapagliflozin, empagliflozin, spironolactone — بوصفة طبية فقط؛ تحتاج متابعة الكلى والبوتاسيوم","جهاز مزيل الرجفان المزروع (ICD) أو منظم إعادة التزامن (CRT) لحالات مختارة • علاج السبب كتغيير صمام أو قسطرة الشرايين • برنامج تأهيل القلب","قياس الوزن يوميًا وإبلاغ الطبيب عند الزيادة السريعة • تقليل الملح والالتزام بتعليمات السوائل • مراجعة الطوارئ عند ضيق النفس أثناء الراحة","ESC 2021 Guidelines for the diagnosis and treatment of acute and chronic heart failure (2023 focused update)","ESC • ACC_AHA • NICE • WHO_EML","قيد المراجعة","","","","",""
"القلب والأوعية الدموية","heart.af","الرجفان الأذيني (اضطراب نظم القلب)","Atrial fibrillation","I48.9","فحص عاجل خلال 24 ساعة","الجنسان","خفقان أو نبض سريع أو غير منتظم (3) • دوخة أو إغماء (2) • ضيق في التنفس (1)","نبض سريع غير منتظم ناتج عن خلل في كهرباء القلب، ويزيد خطر السكتة الدماغية.","تخطيط قلب في أقرب وقت، والعلاج أدوية لضبط النبض ومضادات تخثر لمنع الجلطات يحددها طبيب القلب. الإغماء أو ألم الصدر يستدعيان الطوارئ.","خفقان غير منتظم مع دوخة أو ضيق تنفس.","تخطيط القلب الكهربائي (ECG) • تخطيط القلب المتنقل (Holter) • وظائف الغدة الدرقية (TSH) • وظائف الكلى وصورة الدم (CBC) قبل مضادات التخثر","الموجات الصوتية على القلب (Echo)","أدوية ضبط سرعة النبض: bisoprolol, metoprolol, diltiazem, verapamil — بوصفة طبية فقط • مضادات التخثر للوقاية من السكتة: apixaban, rivaroxaban, dabigatran, warfarin — بوصفة طبية فقط؛ يحددها الطبيب حسب خطر الجلطة والنزيف • أدوية ضبط النظم: amiodarone, flecainide — بوصفة طبية فقط؛ يقررها طبيب القلب","تنظيم النظم بالصدمة الكهربائية (Cardioversion) • الكيّ بالقسطرة (Catheter ablation) لحالات مختارة","تقليل الكحول والكافيين وعلاج انقطاع النفس أثناء النوم إن وجد • التوجه للطوارئ عند الإغماء أو ألم الصدر أو علامات السكتة","ESC 2024 Guidelines for the management of atrial fibrillation","ESC • ACC_AHA • NICE • WHO_EML","قيد المراجعة","","","","",""
"القلب والأوعية الدموية","heart.htn1","ارتفاع ضغط الدم — المرحلة الأولى","Hypertension stage 1","I10","راجع الطبيب المختص","الجنسان","قياس الضغط بين 130/80 و139/89 بشكل متكرر (3) • دوخة أو إغماء (1)","ضغط انقباضي بين 130 و139 أو انبساطي بين 80 و89 ملم زئبق في قياسات متكررة (تصنيف ACC/AHA 2017). لا يسبب أعراضًا غالبًا، ولذلك يُسمّى «القاتل الصامت».","تعديل نمط الحياة أولًا: تقليل الملح إلى أقل من 5 جرامات يوميًا، والرياضة 150 دقيقة أسبوعيًا، وإنقاص الوزن، والإقلاع عن التدخين. يُضاف الدواء إذا ارتفع خطر أمراض القلب أو وُجد سكري أو مرض كلوي. ملاحظة: تعتمد الإرشادات الأوروبية ومنظمة الصحة العالمية حدّ 140/90 للتشخيص.","القياس هو الذي يشخّص لا الأعراض؛ قِس الضغط في أيام مختلفة وأنت مرتاح.","قياس الضغط المتنقل 24 ساعة (ABPM) أو القياس المنزلي • وظائف الكلى والأملاح (Creatinine, Electrolytes) • السكر التراكمي (HbA1c) ودهون الدم • نسبة الألبومين إلى الكرياتينين في البول (ACR)","","مثبطات الإنزيم المحول أو حاصرات مستقبلات الأنجيوتنسين: lisinopril, enalapril, losartan — بوصفة طبية فقط؛ قد تُؤجل لصالح تعديل نمط الحياة حسب الخطورة • حاصرات قنوات الكالسيوم: amlodipine — بوصفة طبية فقط • مدرات البول الثيازيدية: hydrochlorothiazide, indapamide, chlorthalidone — بوصفة طبية فقط","تخطيط القلب الكهربائي (ECG) لتقييم تأثر القلب • برنامج تعديل نمط الحياة: إنقاص الوزن والنشاط البدني","قياس الضغط في المنزل وتسجيل القراءات • تقليل الملح والإكثار من الخضار والفواكه • المشي أو الرياضة المعتدلة معظم أيام الأسبوع","ESC 2024 Guidelines for the management of elevated blood pressure and hypertension","ESC • NICE • ACC_AHA • WHO_EML","قيد المراجعة","","","","",""
"القلب والأوعية الدموية","heart.htn2","ارتفاع ضغط الدم — المرحلة الثانية","Hypertension stage 2","I10","راجع الطبيب المختص","الجنسان","قياس الضغط 140/90 أو أكثر بشكل متكرر (3) • دوخة أو إغماء (1)","ضغط انقباضي 140 فأكثر أو انبساطي 90 فأكثر في قياسات متكررة، ويزيد بوضوح خطر الجلطات القلبية والدماغية والفشل الكلوي.","يحتاج غالبًا إلى دواء أو دواءين مع تعديل نمط الحياة، والهدف الشائع أقل من 130/80. افحص وظائف الكلى والسكر والدهون وتخطيط القلب.","راجع الطبيب خلال أيام، ولا توقف أدوية الضغط فجأة.","قياس الضغط المتنقل 24 ساعة (ABPM) أو القياس المنزلي • وظائف الكلى والأملاح (Creatinine, Electrolytes) • السكر التراكمي (HbA1c) ودهون الدم • نسبة الألبومين إلى الكرياتينين في البول (ACR)","الموجات الصوتية على القلب (Echo) عند الاشتباه بتضخم القلب","مثبطات الإنزيم المحول أو حاصرات مستقبلات الأنجيوتنسين: lisinopril, enalapril, losartan — بوصفة طبية فقط • حاصرات قنوات الكالسيوم: amlodipine — بوصفة طبية فقط • مدرات البول الثيازيدية: hydrochlorothiazide, indapamide, chlorthalidone — بوصفة طبية فقط • غالبًا تركيبة من دواءين في قرص واحد: amlodipine + losartan, lisinopril + hydrochlorothiazide — بوصفة طبية فقط","تخطيط القلب الكهربائي (ECG) • البحث عن أسباب ثانوية للضغط عند الشباب أو المقاومة للعلاج","قياس الضغط في المنزل وتسجيل القراءات • تقليل الملح والإقلاع عن التدخين • الالتزام بالدواء يوميًا حتى لو تحسّنت القراءات","NICE NG136 Hypertension in adults: diagnosis and management","ESC • NICE • ACC_AHA • WHO_EML","قيد المراجعة","","","","",""
"القلب والأوعية الدموية","heart.htn_crisis","أزمة ارتفاع ضغط الدم","Hypertensive crisis","I10","طوارئ فورًا","الجنسان","قياس الضغط 180/120 أو أكثر (3) • صداع شديد أو زغللة أو ألم صدر أو ضيق تنفس مع ارتفاع الضغط (3)","ارتفاع شديد في الضغط 180/120 فأكثر. إذا صاحبه صداع شديد أو ألم صدر أو ضيق تنفس أو ضعف أو زغللة فهو طارئ قد يصيب الدماغ أو القلب أو الكلى.","مع الأعراض: إسعاف فوري 123. دون أعراض: أعد القياس بعد خمس دقائق من الراحة، وإن ظل مرتفعًا فراجع الطبيب في اليوم نفسه. لا تتناول جرعات إضافية دون استشارة.","","وظائف الكلى والأملاح وتحليل البول • إنزيم التروبونين (Troponin) وتخطيط القلب (ECG) • صورة دم كاملة (CBC)","أشعة مقطعية على الدماغ (CT) عند وجود أعراض عصبية • أشعة سينية على الصدر (CXR) • فحص قاع العين","خافضات ضغط وريدية سريعة المفعول: labetalol, nicardipine, sodium nitroprusside — تُعطى في المستشفى؛ يُخفض الضغط تدريجيًا تحت المراقبة","مراقبة مستمرة في الطوارئ أو العناية المركزة • علاج تأثر الأعضاء (القلب، الدماغ، الكلى)","الاتصال بالإسعاف 123 عند ألم الصدر أو ضعف أو صداع شديد أو اضطراب الرؤية • عدم أخذ جرعات إضافية من أدوية الضغط دون استشارة","ESC 2024 Guidelines for the management of elevated blood pressure and hypertension","ESC • ACC_AHA • WHO_EML","قيد المراجعة","","","","",""
"القلب والأوعية الدموية","heart.dvt","تجلّط الأوردة العميقة في الساق","Deep vein thrombosis","I80.2","طوارئ فورًا","الجنسان","ألم وتورّم وسخونة في ربلة ساق واحدة (3) • تورّم في الساقين (1) • ضيق في التنفس (1)","جلطة دموية في وريد عميق بالساق، وقد ينفصل جزء منها إلى الرئة فيهدد الحياة.","فحص عاجل في اليوم نفسه بالموجات الصوتية (دوبلر)، والعلاج مضادات تخثر. ضيق التنفس المفاجئ أو ألم الصدر يستدعيان الإسعاف فورًا.","ساق واحدة متورمة وساخنة ومؤلمة، خاصة بعد سفر طويل أو جراحة أو جلوس مطوّل.","تحليل دي-دايمر (D-dimer) • صورة دم كاملة (CBC) ووظائف الكلى والكبد • اختبارات التخثر (PT/INR, aPTT)","الموجات الصوتية الدوبلر الضاغطة على أوردة الساق (Duplex ultrasound)","مضادات التخثر: apixaban, rivaroxaban, enoxaparin, heparin, warfarin — تبدأ في المستشفى أو تحت إشراف طبي؛ بوصفة طبية فقط","فلتر الوريد الأجوف (IVC filter) إذا مُنعت مضادات التخثر • إذابة الجلطة بالقسطرة لحالات مختارة • البحث عن سبب الجلطة عند غياب سبب واضح","الاتصال بـ123 فورًا عند ضيق النفس أو ألم الصدر • عدم تدليك الساق المصابة","NICE NG158 Venous thromboembolic diseases: diagnosis, management and thrombophilia testing","NICE • ASH • WHO_EML","قيد المراجعة","","","","",""
"القلب والأوعية الدموية","heart.varicose","دوالي الساقين","Varicose veins","I83.9","رعاية منزلية ومتابعة","الجنسان","أوردة بارزة متعرّجة زرقاء في الساق (3) • تورّم في الساقين (1)","تمدد الأوردة السطحية في الساقين وتعرّجها بسبب ضعف الصمامات التي تمنع ارتداد الدم.","الجوارب الضاغطة ورفع الساقين والحركة المنتظمة، والليزر أو الحقن أو الجراحة البسيطة في الحالات المتقدمة.","","","الموجات الصوتية الدوبلر على أوردة الساق (Duplex ultrasound)","","الكي الحراري للوريد من الداخل بالليزر أو الترددات الراديوية • الحقن بالمادة المصلّبة الرغوية (Foam sclerotherapy) • الربط والاستئصال الجراحي لحالات مختارة • الجوارب الضاغطة الطبية","رفع الساقين عند الراحة • المشي المنتظم وتجنب الوقوف أو الجلوس الطويل • المحافظة على وزن صحي","NICE CG168 Varicose veins: diagnosis and management","NICE","قيد المراجعة","","","","",""
"القلب والأوعية الدموية","heart.cvi","القصور الوريدي المزمن","Chronic venous insufficiency","I87.2","راجع الطبيب المختص","الجنسان","تورّم في الساقين (3) • أوردة بارزة متعرّجة زرقاء في الساق (2)","ضعف مزمن في قدرة أوردة الساق على إعادة الدم إلى القلب، فيسبب تورّمًا وتغيّرًا في لون الجلد.","الجوارب الضاغطة ورفع الساقين ومتابعة جرّاح الأوعية الدموية.","تورّم الساقين معًا قد يكون سببه القلب أو الكلى أيضًا، فراجع الطبيب.","مؤشر الضغط الكاحلي العضدي (ABPI) قبل الضغط العلاجي","الموجات الصوتية الدوبلر على أوردة الساق (Duplex ultrasound)","","العلاج الضاغط بالجوارب أو الأربطة الطبية • الكي الحراري للأوردة السطحية المرتجعة • العناية المتخصصة بالقرحة الوريدية إن وجدت","رفع الساقين فوق مستوى القلب عند الراحة • ترطيب الجلد والعناية به لتجنب التشقق • المشي وتمارين عضلة الساق","ESVS 2022 Clinical Practice Guidelines on the Management of Chronic Venous Disease of the Lower Limbs","NICE","قيد المراجعة","","","","",""
"القلب والأوعية الدموية","heart.pericarditis","التهاب غشاء القلب (التامور)","Pericarditis","I30.9","فحص عاجل خلال 24 ساعة","الجنسان","ألم حاد في الصدر يزداد بالاستلقاء ويخف بالجلوس والانحناء للأمام (3) • ألم أو ضغط أو عصر في منتصف الصدر (1)","التهاب الغشاء المحيط بالقلب، غالبًا بعد عدوى فيروسية، يسبب ألمًا حادًا يتغير مع الوضعية والتنفس.","تخطيط قلب وإيكو لاستبعاد الجلطة، ومضادات التهاب وكولشيسين وفق الطبيب، والراحة من الرياضة.","","تخطيط القلب الكهربائي (ECG) • البروتين التفاعلي (CRP) وصورة الدم (CBC) • إنزيم التروبونين (Troponin)","الموجات الصوتية على القلب (Echo) للكشف عن الانصباب • أشعة سينية على الصدر (CXR)","مضادات الالتهاب غير الستيرويدية: ibuprofen, aspirin — مع حماية للمعدة حسب تقدير الطبيب • الكولشيسين لتقليل الانتكاس: colchicine — بوصفة طبية فقط","بزل التامور (Pericardiocentesis) عند الانصباب الكبير أو الانضغاط","تجنّب الرياضة والمجهود الشديد حتى يسمح الطبيب • التوجه للطوارئ عند ضيق النفس أو الدوخة الشديدة","ESC Guidelines for the management of myocarditis and pericarditis (2025)","ESC • WHO_EML","قيد المراجعة","","","","",""
"القلب والأوعية الدموية","heart.dissection","تسلّخ الأبهر","Aortic dissection","I71.0","طوارئ فورًا","الجنسان","ألم مفاجئ شديد ممزّق في الصدر يمتد إلى الظهر (3) • ألم أو ضغط أو عصر في منتصف الصدر (1)","تمزق في جدار الشريان الأورطي، حالة نادرة لكنها قاتلة، تسبب ألمًا ممزقًا مفاجئًا يمتد إلى الظهر.","إسعاف فوري 123: أشعة مقطعية عاجلة وجراحة أو دعامة.","","صورة دم كاملة (CBC) وفصيلة الدم والتوافق • إنزيم التروبونين (Troponin) وتخطيط القلب (ECG) • وظائف الكلى","أشعة مقطعية بالصبغة على الشريان الأورطي (CT angiography) • الموجات الصوتية على القلب عبر المريء (TEE)","خافضات النبض والضغط وريديًا: esmolol, labetalol — تُعطى في المستشفى • مسكنات قوية: morphine — تُعطى في المستشفى؛ أفيونيات تحت إشراف طبي","جراحة قلب طارئة لإصلاح الأورطي الصاعد (النوع A) • دعامة داخل الأورطي (TEVAR) لحالات مختارة من النوع B • مراقبة في العناية المركزة","الاتصال بالإسعاف 123 فورًا • البقاء ساكنًا وتجنب أي مجهود","2022 ACC/AHA Guideline for the Diagnosis and Management of Aortic Disease","ACC_AHA • ESC","قيد المراجعة","","","","",""
"القلب والأوعية الدموية","heart.pad","انسداد شرايين الساقين الطرفية","Peripheral artery disease","I73.9","راجع الطبيب المختص","الجنسان","ألم في ربلة الساق عند المشي يزول بالوقوف (3)","تضيّق شرايين الساق بتصلب الشرايين، فيظهر ألم في الربلة عند المشي يزول بالراحة، وهو أشيع لدى المدخنين ومرضى السكري.","الإقلاع عن التدخين، وبرنامج مشي منتظم، وأدوية سيولة ودهون، وقسطرة أو جراحة للحالات الشديدة. الساق الباردة الشاحبة المؤلمة فجأة طوارئ.","","مؤشر الضغط الكاحلي العضدي (ABPI) • دهون الدم والسكر التراكمي (HbA1c) • وظائف الكلى","الموجات الصوتية الدوبلر على شرايين الساقين (Duplex) • أشعة مقطعية بالصبغة على الشرايين (CTA) قبل التدخل","مضادات الصفائح الدموية: aspirin, clopidogrel — بوصفة طبية فقط • خافضات الكوليسترول (الستاتينات): atorvastatin, simvastatin — بوصفة طبية فقط • علاج الضغط والسكر المصاحبين: lisinopril, ramipril — بوصفة طبية فقط","برنامج مشي علاجي تحت الإشراف (Supervised exercise) • توسيع الشريان بالبالون أو الدعامة • جراحة تحويل مسار الشرايين لحالات مختارة","الإقلاع عن التدخين • المشي اليومي حتى حدّ الألم ثم الراحة والتكرار • فحص القدمين يوميًا والعناية بهما","ESC 2024 Guidelines for the management of peripheral arterial and aortic diseases","ESC • ACC_AHA • NICE • WHO_EML","قيد المراجعة","","","","",""
"القلب والأوعية الدموية","heart.svt","تسرّع القلب فوق البطيني","Supraventricular tachycardia","I47.1","فحص عاجل خلال 24 ساعة","الجنسان","نوبات خفقان سريع منتظم تبدأ وتنتهي فجأة (3) • خفقان أو نبض سريع أو غير منتظم (1)","نوبات من نبض سريع منتظم تبدأ وتنتهي فجأة بسبب دائرة كهربائية إضافية في القلب.","مناورات توقف النوبة (كالنفخ مع غلق الأنف والفم)، وتخطيط قلب أثناء النوبة، وعلاج نهائي بالكي الكهربائي غالبًا.","","تخطيط القلب الكهربائي (ECG) أثناء النوبة • تخطيط القلب المتنقل (Holter) أو مسجّل الأحداث • الأملاح ووظائف الغدة الدرقية (TSH)","الموجات الصوتية على القلب (Echo)","إيقاف النوبة وريديًا: adenosine — تُعطى في المستشفى • أدوية الوقاية وضبط النبض: verapamil, diltiazem, bisoprolol, metoprolol — بوصفة طبية فقط","مناورات العصب المبهم (مناورة فالسالفا المعدّلة) • صدمة كهربائية عند عدم استقرار الحالة • الكيّ بالقسطرة (Catheter ablation) علاج شافٍ غالبًا","مناورة فالسالفا المعدّلة إذا علّمك إياها الطبيب • تقليل الكافيين ومشروبات الطاقة","2019 ESC Guidelines for the management of patients with supraventricular tachycardia","ESC • ACC_AHA • WHO_EML","قيد المراجعة","","","","",""
"القلب والأوعية الدموية","heart.brady","بطء القلب وإحصار التوصيل","Bradycardia / heart block","I44.3","فحص عاجل خلال 24 ساعة","الجنسان","نبض بطيء جدًا مع دوخة أو إغماء (3) • دوخة أو إغماء (2)","انخفاض النبض عن المعدل الطبيعي مع دوخة أو إغماء بسبب خلل في كهرباء القلب أو بعض الأدوية.","تخطيط قلب وجهاز هولتر ومراجعة الأدوية، وقد يحتاج إلى منظم ضربات. الإغماء يستدعي الطوارئ.","","تخطيط القلب الكهربائي (ECG) • تخطيط القلب المتنقل (Holter) • الأملاح (البوتاسيوم) ووظائف الغدة الدرقية (TSH) • إنزيم التروبونين (Troponin) عند الاشتباه بجلطة","الموجات الصوتية على القلب (Echo)","رفع النبض في الحالات الحادة: atropine — تُعطى في المستشفى • مراجعة الأدوية المبطئة للنبض وإيقافها: bisoprolol, digoxin, verapamil — لا توقف أي دواء دون استشارة الطبيب","منظّم ضربات القلب الدائم (Pacemaker) • منظّم ضربات مؤقت في الحالات الطارئة","التوجه للطوارئ عند الإغماء أو ألم الصدر أو ضيق النفس","2021 ESC Guidelines on cardiac pacing and cardiac resynchronization therapy","ESC • ACC_AHA • WHO_EML","قيد المراجعة","","","","",""
"القلب والأوعية الدموية","heart.valve","أمراض صمامات القلب","Valvular heart disease","I38","راجع الطبيب المختص","الجنسان","نفخة في القلب أو ضيق تنفس مع المجهود يزداد تدريجيًا (3) • ضيق في التنفس (1)","تضيّق أو ارتجاع في أحد صمامات القلب بسبب الحمّى الروماتيزمية أو التقدم في العمر، فيُجهد القلب.","إيكو على القلب لدى طبيب القلب، ومتابعة دورية، وإصلاح أو استبدال الصمام بالقسطرة أو الجراحة عند الحاجة.","","تخطيط القلب الكهربائي (ECG) • الببتيد المدر للصوديوم (BNP/NT-proBNP)","الموجات الصوتية على القلب (Echo) • الموجات الصوتية عبر المريء (TEE) • أشعة مقطعية على القلب (Cardiac CT) قبل التدخل","مدرات البول لتخفيف احتباس السوائل: furosemide — بوصفة طبية فقط • مضادات التخثر للصمام الميكانيكي أو الرجفان الأذيني: warfarin — بوصفة طبية فقط؛ تحتاج تحليل INR دوريًا","استبدال أو إصلاح الصمام جراحيًا • زراعة الصمام الأبهري بالقسطرة (TAVI) • توسيع الصمام بالبالون لحالات مختارة • متابعة دورية بالإيكو","العناية بصحة الفم والأسنان • الإبلاغ عن ضيق النفس أو التعب المتزايد","ESC/EACTS Guidelines for the management of valvular heart disease","ESC • ACC_AHA • WHO_EML","قيد المراجعة","","","","",""
"الصدر والجهاز التنفسي","respiratory.pe","الانصمام الرئوي (جلطة الرئة)","Pulmonary embolism","I26.9","طوارئ فورًا","الجنسان","ضيق تنفس مفاجئ شديد مع ألم في الصدر (3) • ضيق في التنفس (2) • ألم في الصدر يزداد مع التنفس العميق أو السعال (2) • سعال مصحوب بدم (1)","انسداد شريان في الرئة بجلطة دموية تنتقل غالبًا من أوردة الساق، وهو حالة مهددة للحياة.","إسعاف فوري 123؛ يُشخَّص بالأشعة المقطعية للصدر ويُعالَج بمضادات التخثر.","ضيق تنفس مفاجئ مع ألم صدر، خاصة بعد سفر طويل أو جراحة أو مع تورّم الساق.","تحليل دي-دايمر (D-dimer) • إنزيم التروبونين (Troponin) والببتيد (BNP) • غازات الدم الشرياني (ABG) • صورة دم كاملة (CBC) ووظائف الكلى","أشعة مقطعية بالصبغة على شرايين الرئة (CTPA) • مسح التهوية والتروية (V/Q scan) كبديل • الموجات الصوتية على القلب (Echo)","مضادات التخثر: heparin, enoxaparin, apixaban, rivaroxaban — تُعطى في المستشفى؛ بوصفة طبية فقط • مذيبات الجلطة للحالات الشديدة: alteplase — تُعطى في المستشفى","أكسجين ومراقبة في المستشفى • إزالة الجلطة بالقسطرة أو جراحيًا لحالات مختارة","الاتصال بالإسعاف 123 فورًا","2019 ESC Guidelines for the diagnosis and management of acute pulmonary embolism","ESC • NICE • WHO_EML","قيد المراجعة","","","","",""
"الصدر والجهاز التنفسي","respiratory.pneumonia","الالتهاب الرئوي","Pneumonia","J18.9","فحص عاجل خلال 24 ساعة","الجنسان","سعال مع بلغم أصفر أو أخضر (3) • حُمّى أو قشعريرة (3) • ضيق في التنفس (2) • ألم في الصدر يزداد مع التنفس العميق أو السعال (2)","عدوى في الحويصلات الهوائية بالرئة تسبب حمّى وسعالًا وضيقًا في التنفس.","فحص عاجل وأشعة صدر، ومضاد حيوي يحدده الطبيب. ضيق التنفس الشديد أو الازرقاق أو التشوش لدى المسنين يستدعي الطوارئ.","حمّى مع سعال ببلغم وضيق تنفس.","صورة دم كاملة (CBC) والبروتين التفاعلي (CRP) • وظائف الكلى واليوريا • قياس تشبع الأكسجين (SpO2) • مزرعة الدم والبلغم في الحالات الشديدة","أشعة سينية على الصدر (CXR)","مضادات حيوية للعلاج المنزلي: amoxicillin, doxycycline, clarithromycin — بوصفة طبية فقط • مضادات حيوية في المستشفى للحالات الشديدة: ceftriaxone, azithromycin — تُعطى في المستشفى • خافضات الحرارة والمسكنات: paracetamol","تقدير الشدة (CURB-65) لتحديد العلاج المنزلي أو الدخول • أكسجين وسوائل وريدية عند الحاجة","الراحة وشرب سوائل كافية • مراجعة الطبيب إذا لم تتحسن خلال 48-72 ساعة أو ساء التنفس","ATS/IDSA 2019 Diagnosis and Treatment of Adults with Community-acquired Pneumonia","IDSA • ATS • NICE • WHO_EML","قيد المراجعة","","","","",""
"الصدر والجهاز التنفسي","respiratory.asthma","الربو الشُّعبي","Asthma","J45.9","راجع الطبيب المختص","الجنسان","صفير أو أزيز في الصدر (3) • تزداد الأعراض ليلًا أو مع الغبار أو الروائح أو البرد (3) • ضيق في التنفس (2) • سعال جاف (1)","التهاب مزمن في الشعب الهوائية يجعلها تضيق استجابةً لمهيِّجات مثل الغبار والبرد والمجهود.","بخاخات موسّعة للشعب عند النوبة، وبخاخات وقائية (كورتيزون مستنشق) بانتظام وفق خطة يضعها طبيب الصدر. النوبة التي لا تستجيب للبخاخ تستدعي الطوارئ.","صفير ونوبات ضيق تنفس تزداد ليلًا أو مع المهيِّجات.","اختبار وظائف الرئة مع موسّع الشعب (Spirometry) • قياس أكسيد النيتريك في الزفير (FeNO) • قياس ذروة التدفق (Peak flow) • عدد الحمضات في الدم (Eosinophils)","أشعة سينية على الصدر (CXR) عند الاشتباه بتشخيص آخر","بخاخ كورتيزون مع فورموتيرول (علاج ومسعف): budesonide/formoterol — بوصفة طبية فقط • الكورتيزون المستنشق للوقاية: budesonide, beclometasone — بوصفة طبية فقط؛ للأطفال يحدد الطبيب الجهاز والجرعة • موسّع الشعب سريع المفعول: salbutamol — بوصفة طبية فقط","التدريب على طريقة استخدام البخاخ • خطة عمل مكتوبة للربو (Asthma action plan)","تجنّب المحفزات كالدخان والغبار • حمل بخاخ الإسعاف دائمًا • التوجه للطوارئ إذا لم يُخفف البخاخ ضيق النفس","GINA Global Strategy for Asthma Management and Prevention","GINA • NICE • WHO_EML","قيد المراجعة","","","","",""
"الصدر والجهاز التنفسي","respiratory.copd","مرض الانسداد الرئوي المزمن","Chronic obstructive pulmonary disease","J44.9","راجع الطبيب المختص","الجنسان","تدخين لسنوات طويلة (3) • ضيق في التنفس (2) • سعال مع بلغم أصفر أو أخضر (2) • صفير أو أزيز في الصدر (1)","تضيّق دائم ومتدرج في الشعب الهوائية، سببه الرئيسي التدخين.","الإقلاع عن التدخين أهم علاج، مع بخاخات موسّعة طويلة المفعول وتأهيل رئوي ولقاحات الإنفلونزا والمكورات الرئوية.","مدخّن مزمن مع سعال وبلغم وضيق تنفس يتدرج على سنوات.","اختبار وظائف الرئة بعد موسّع الشعب (Spirometry) • صورة دم كاملة (CBC) وعدد الحمضات • قياس تشبع الأكسجين (SpO2) • مستوى ألفا-1 أنتيتريبسين (AAT)","أشعة سينية على الصدر (CXR) • أشعة مقطعية على الصدر (CT) لحالات مختارة","موسّعات الشعب طويلة المفعول (LAMA/LABA): tiotropium, formoterol, salmeterol — بوصفة طبية فقط • موسّع الشعب سريع المفعول: salbutamol, ipratropium — بوصفة طبية فقط • الكورتيزون المستنشق عند ارتفاع الحمضات أو تكرار النوبات: budesonide, beclometasone — بوصفة طبية فقط","برنامج التأهيل الرئوي (Pulmonary rehabilitation) • المساعدة على الإقلاع عن التدخين • لقاحات الإنفلونزا والمكورات الرئوية • أكسجين منزلي طويل الأمد لحالات مختارة","الإقلاع عن التدخين تمامًا • ممارسة المشي والنشاط البدني المنتظم • مراجعة الطبيب مبكرًا عند زيادة البلغم أو ضيق النفس","GOLD Global Strategy for the Diagnosis, Management and Prevention of COPD (2025 Report)","GOLD • NICE • WHO_EML","قيد المراجعة","","","","",""
"الصدر والجهاز التنفسي","respiratory.bronchitis","التهاب الشعب الهوائية الحاد","Acute bronchitis","J20.9","رعاية منزلية ومتابعة","الجنسان","سعال جاف (2) • سعال مع بلغم أصفر أو أخضر (3) • سيلان الأنف والعطس والتهاب الحلق (1) • حُمّى أو قشعريرة (1)","التهاب مؤقت في الشعب الهوائية يعقب نزلات البرد غالبًا، وأكثره فيروسي.","الراحة والسوائل الدافئة وخافض الحرارة. قد يستمر السعال أسبوعين أو ثلاثة. المضاد الحيوي غالبًا غير مفيد إلا بقرار الطبيب.","","","أشعة سينية على الصدر (CXR) فقط عند الاشتباه بالتهاب رئوي","مسكنات وخافضات حرارة: paracetamol, ibuprofen — المضادات الحيوية غير مطلوبة عادةً","","الراحة وشرب السوائل الدافئة • العسل لتهدئة السعال (لا يُعطى لمن هم دون سنة) • مراجعة الطبيب إذا استمر السعال أكثر من 3 أسابيع أو ظهر ضيق نفس","NICE NG120 Cough (acute): antimicrobial prescribing","NICE • CDC • WHO_EML","قيد المراجعة","","","","",""
"الصدر والجهاز التنفسي","respiratory.cold","نزلة البرد","Common cold","J00","رعاية منزلية ومتابعة","الجنسان","سيلان الأنف والعطس والتهاب الحلق (3) • سعال جاف (1)","عدوى فيروسية خفيفة في الأنف والحلق تزول خلال أسبوع إلى عشرة أيام.","الراحة والسوائل والغسول الملحي للأنف ومسكن بسيط. لا حاجة إلى مضاد حيوي.","","","","مسكنات وخافضات حرارة: paracetamol, ibuprofen — للأطفال الجرعة حسب الوزن؛ لا يُعطى الأسبرين للأطفال • محلول ملحي للأنف: sodium chloride (nasal saline)","","الراحة وشرب السوائل • الغرغرة بالماء المالح الدافئ لألم الحلق • غسل اليدين لتقليل العدوى","NICE Clinical Knowledge Summary: Common cold","NICE • CDC • WHO_EML","قيد المراجعة","","","","",""
"الصدر والجهاز التنفسي","respiratory.flu","الإنفلونزا","Influenza","J11.1","رعاية منزلية ومتابعة","الجنسان","آلام في العضلات وإرهاق شديد مفاجئ (3) • حُمّى أو قشعريرة (2) • سعال جاف (1) • سيلان الأنف والعطس والتهاب الحلق (1)","عدوى فيروسية تبدأ فجأة بحمّى وآلام عضلية وإرهاق شديد، وتنتشر في الشتاء.","الراحة والسوائل وخافض الحرارة. قد يصف الطبيب مضادًا للفيروسات خلال أول 48 ساعة لكبار السن وأصحاب الأمراض المزمنة. اللقاح السنوي هو الوقاية الأفضل.","","اختبار الإنفلونزا السريع أو (PCR) للفئات عالية الخطورة","أشعة سينية على الصدر (CXR) عند الاشتباه بالتهاب رئوي","مضادات الفيروسات للفئات عالية الخطورة: oseltamivir — بوصفة طبية فقط؛ أفضل فائدة إذا بدأ خلال 48 ساعة • مسكنات وخافضات حرارة: paracetamol, ibuprofen — لا يُعطى الأسبرين للأطفال","لقاح الإنفلونزا السنوي للوقاية","الراحة وشرب السوائل • البقاء في المنزل حتى زوال الحمى لتجنب نقل العدوى • مراجعة الطبيب عند ضيق النفس أو ألم الصدر","IDSA 2018 Clinical Practice Guidelines on Seasonal Influenza","CDC • IDSA • WHO • WHO_EML","قيد المراجعة","","","","",""
"الصدر والجهاز التنفسي","respiratory.tb","الدرن الرئوي (السل)","Tuberculosis","A16.9","فحص عاجل خلال 24 ساعة","الجنسان","سعال مستمر أكثر من 3 أسابيع مع تعرّق ليلي وفقدان وزن (3) • سعال مصحوب بدم (2) • حُمّى أو قشعريرة (1)","عدوى بكتيرية مزمنة تصيب الرئة غالبًا، وتنتقل عبر الرذاذ، ولها علاج شافٍ.","أشعة صدر وتحليل البلغم، ثم علاج في مراكز الصدر لمدة ستة أشهر على الأقل مع الالتزام التام بالجرعات.","سعال يتجاوز ثلاثة أسابيع مع تعرّق ليلي وفقدان وزن.","اختبار جزيئي سريع على البلغم (Xpert MTB/RIF) • فحص البلغم المجهري والمزرعة مع اختبار الحساسية • اختبار فيروس نقص المناعة (HIV) • وظائف الكبد قبل العلاج","أشعة سينية على الصدر (CXR)","علاج السل الرباعي القياسي: isoniazid, rifampicin, pyrazinamide, ethambutol — بوصفة طبية فقط؛ لعدة أشهر دون انقطاع مع متابعة الكبد","العلاج تحت الملاحظة المباشرة (DOT) • عزل تنفسي حتى زوال العدوى • فحص المخالطين","تغطية الفم عند السعال وارتداء كمامة • عدم إيقاف الدواء حتى لو تحسّنت الأعراض","WHO consolidated guidelines on tuberculosis: Module 4: treatment","WHO • WHO_EML • CDC • ATS","قيد المراجعة","","","","",""
"الصدر والجهاز التنفسي","respiratory.pneumothorax","استرواح الصدر (انخماص الرئة)","Pneumothorax","J93.9","طوارئ فورًا","الجنسان","ضيق تنفس مفاجئ مع ألم حاد في جانب واحد من الصدر لدى شاب نحيف (3) • ضيق في التنفس (2)","تسرّب الهواء بين الرئة وجدار الصدر فتنكمش الرئة، أشيع لدى الشباب النحيفين والمدخنين.","طوارئ: أشعة صدر، وقد يحتاج إلى سحب الهواء بإبرة أو أنبوب صدري.","","قياس تشبع الأكسجين (SpO2)","أشعة سينية على الصدر (CXR) • أشعة مقطعية على الصدر (CT) لحالات مختارة • الموجات الصوتية على الصدر بجانب السرير","مسكنات الألم: paracetamol, morphine — تُعطى في المستشفى؛ الأفيونيات تحت إشراف طبي","المراقبة فقط في الحالات الصغيرة المستقرة • سحب الهواء بالإبرة (Needle aspiration) • أنبوب صدري (Chest drain) • جراحة بالمنظار (VATS) لمنع التكرار","الاتصال بالإسعاف 123 عند ضيق النفس الشديد • تجنّب الطيران والغوص حتى يسمح الطبيب • الإقلاع عن التدخين","BTS Guideline for Pleural Disease (2023)","BTS • ERS","قيد المراجعة","","","","",""
"الصدر والجهاز التنفسي","respiratory.osa","انقطاع النفس الانسدادي أثناء النوم","Obstructive sleep apnea","G47.3","راجع الطبيب المختص","الجنسان","شخير عالٍ وانقطاع النفس أثناء النوم مع نعاس نهاري (3)","انسداد متكرر لمجرى الهواء أثناء النوم يسبب شخيرًا وتوقفًا للتنفس ونعاسًا نهاريًا، ويرفع ضغط الدم وخطر الحوادث.","دراسة نوم، وإنقاص الوزن، وجهاز ضغط الهواء الإيجابي (CPAP) أثناء النوم وهو علاج فعّال.","","دراسة النوم المنزلية (Home sleep apnea test) • دراسة النوم الكاملة في المختبر (Polysomnography) • مقياس إيبوورث للنعاس (Epworth)","","","جهاز ضغط الهواء الإيجابي المستمر (CPAP) • جهاز تقديم الفك السفلي (Mandibular advancement device) • برنامج لإنقاص الوزن • جراحة الأنف أو الحلق لحالات مختارة","إنقاص الوزن • تجنّب الكحول والمهدئات قبل النوم • النوم على الجانب","NICE NG202 Obstructive sleep apnoea/hypopnoea syndrome and obesity hypoventilation syndrome in over 16s","NICE • ATS","قيد المراجعة","","","","",""
"الصدر والجهاز التنفسي","respiratory.pertussis","السعال الديكي","Pertussis","A37.9","فحص عاجل خلال 24 ساعة","الجنسان","نوبات سعال شديدة متتالية تنتهي بشهقة أو قيء (3)","عدوى بكتيرية تسبب نوبات سعال عنيفة طويلة تنتهي بشهقة، وخطيرة على الرضع.","مضاد حيوي مبكر للمريض والمخالطين، والتطعيم (وخاصة للحوامل) هو الوقاية.","","مسحة أنفية بلعومية بتقنية (PCR) • مزرعة الإفرازات الأنفية البلعومية • صورة دم كاملة (CBC)","أشعة سينية على الصدر (CXR) عند الاشتباه بمضاعفات","مضادات حيوية من فئة الماكروليدات: azithromycin, clarithromycin — بوصفة طبية فقط؛ للأطفال الجرعة حسب الوزن يحددها طبيب الأطفال","دخول المستشفى للرضّع أو عند صعوبة التنفس • مضادات حيوية وقائية للمخالطين المقرّبين • التطعيم (DTaP للأطفال وTdap أثناء الحمل)","العزل وتجنّب مخالطة الرضّع حتى انتهاء فترة العدوى • الطوارئ فورًا إذا ازرقّ الرضيع أو توقف تنفسه","CDC guidance on treatment and postexposure prophylaxis of pertussis","CDC • WHO • AAP • WHO_EML","قيد المراجعة","","","","",""
"الصدر والجهاز التنفسي","respiratory.ild","تليّف الرئة (أمراض الرئة الخلالية)","Interstitial lung disease","J84.9","راجع الطبيب المختص","الجنسان","سعال وضيق تنفس جاف يتزايد على أشهر مع خشونة في الصدر (3) • ضيق في التنفس (1)","تندّب تدريجي في أنسجة الرئة يسبب ضيق تنفس وسعالًا جافًا يتزايد على أشهر.","أشعة مقطعية عالية الدقة ووظائف تنفس لدى طبيب الصدر، وأدوية تبطئ التليّف، وتجنّب التعرض للغبار والتدخين.","","وظائف الرئة مع قياس الانتشار (Spirometry, DLCO) • اختبار المشي 6 دقائق • تحاليل المناعة الذاتية (ANA, RF, anti-CCP)","أشعة مقطعية عالية الدقة على الصدر (HRCT)","مضادات التليف: nintedanib, pirfenidone — بوصفة طبية فقط؛ يقررها اختصاصي الرئة حسب النوع","مناقشة الحالة في فريق متعدد التخصصات • منظار القصبات أو خزعة الرئة لحالات مختارة • التأهيل الرئوي والأكسجين المنزلي عند الحاجة • التقييم لزراعة الرئة في الحالات المتقدمة","الإقلاع عن التدخين وتجنّب الغبار والمهيجات • لقاحات الإنفلونزا والمكورات الرئوية","ATS/ERS/JRS/ALAT Clinical Practice Guideline: Idiopathic Pulmonary Fibrosis and Progressive Pulmonary Fibrosis (2022)","ATS • ERS • BTS","قيد المراجعة","","","","",""
"الصدر والجهاز التنفسي","respiratory.lungcancer","أعراض تستدعي استبعاد سرطان الرئة","Lung cancer warning signs","R91","فحص عاجل خلال 24 ساعة","الجنسان","مدخن مع سعال جديد مستمر أو بحة أو فقدان وزن (3) • سعال مصحوب بدم (2) • تدخين لسنوات طويلة (1)","السعال الجديد المستمر أو البحة أو الدم في البلغم أو فقدان الوزن لدى المدخن يحتاج إلى أشعة صدر عاجلة، وهذا ليس تشخيصًا.","أشعة صدر ثم مقطعية عند الحاجة لدى طبيب الصدر، والإقلاع عن التدخين.","","صورة دم كاملة (CBC) ووظائف الكبد والكالسيوم • فحص الخلايا والأنسجة من الخزعة لتحديد النوع والطفرات","أشعة مقطعية بالصبغة على الصدر والبطن العلوي (CT) • تصوير مقطعي بالإصدار البوزيتروني (PET-CT) • رنين مغناطيسي على الدماغ (MRI) لحالات مختارة","","منظار القصبات أو خزعة موجهة بالأشعة • مناقشة الحالة في فريق الأورام متعدد التخصصات • الجراحة أو العلاج الإشعاعي أو الدوائي حسب النوع والمرحلة","الإقلاع عن التدخين","NICE NG122 Lung cancer: diagnosis and management","NICE • NCCN • ESMO","قيد المراجعة","","","","",""
"المخ والأعصاب","neuro.stroke","السكتة الدماغية","Stroke","I64","طوارئ فورًا","الجنسان","ضعف أو خدر مفاجئ في جانب واحد من الجسم (3) • صعوبة مفاجئة في الكلام أو فهمه (3) • اعوجاج مفاجئ في الوجه (2)","انقطاع مفاجئ للدم عن جزء من الدماغ بجلطة أو نزيف، وكل دقيقة تأخير تُفقد خلايا عصبية.","اتصل بالإسعاف 123 فورًا وسجّل وقت بدء الأعراض؛ فالعلاج المذيب للجلطة فعّال خلال الساعات الأولى فقط.","اعوجاج الوجه + ضعف الذراع + اضطراب الكلام = اتصل بالإسعاف فورًا.","سكر الدم فورًا • صورة دم كاملة (CBC) واختبارات التخثر (INR) • تخطيط القلب الكهربائي (ECG)","أشعة مقطعية عاجلة على الدماغ (CT) أو رنين (MRI) • أشعة مقطعية على الأوعية (CTA) لاكتشاف الانسداد • دوبلر الشرايين السباتية (Carotid duplex)","مذيبات الجلطة خلال الساعات الأولى: alteplase, tenecteplase — تُعطى في المستشفى • مضادات الصفائح بعد استبعاد النزيف: aspirin, clopidogrel — تُعطى في المستشفى • خافضات الكوليسترول (الستاتينات): atorvastatin, simvastatin — بوصفة طبية فقط","استخراج الجلطة بالقسطرة (Mechanical thrombectomy) • العلاج في وحدة السكتة الدماغية • التأهيل: علاج طبيعي ووظيفي ونطق","الاتصال بالإسعاف 123 فورًا وتسجيل وقت بدء الأعراض • عدم إعطاء المريض طعامًا أو شرابًا أو أدوية بالفم","NICE NG128 Stroke and transient ischaemic attack in over 16s: diagnosis and initial management","NICE • ACC_AHA • WHO_EML","قيد المراجعة","","","","",""
"المخ والأعصاب","neuro.sah","نزيف تحت العنكبوتية","Subarachnoid hemorrhage","I60.9","طوارئ فورًا","الجنسان","صداع مفاجئ هو الأشد في حياتك (3) • نوبات تشنّج أو فقدان وعي (1)","نزيف حول الدماغ غالبًا من انفجار تمدد وعائي، يبدأ بصداع مفاجئ شديد جدًا.","طوارئ فورية: أشعة مقطعية للمخ وتدخل جراحي أو بالقسطرة.","صداع كالصاعقة يبلغ ذروته خلال ثوانٍ.","صورة دم كاملة (CBC) واختبارات التخثر • البزل القطني (Lumbar puncture) إذا كانت الأشعة سليمة","أشعة مقطعية عاجلة على الدماغ دون صبغة (CT) • أشعة مقطعية على الأوعية (CTA) • تصوير الأوعية بالقسطرة (DSA)","دواء للوقاية من تقلص الأوعية الدماغية: nimodipine — تُعطى في المستشفى • مسكنات ومضادات قيء: paracetamol, ondansetron — تُعطى في المستشفى","إغلاق تمدد الوعاء بالقسطرة (Coiling) أو جراحيًا (Clipping) • تصريف السائل الدماغي عند استسقاء الرأس • مراقبة في العناية المركزة العصبية","الاتصال بالإسعاف 123 فورًا عند صداع مفاجئ هو الأسوأ في الحياة","NICE NG228 Subarachnoid haemorrhage caused by a ruptured aneurysm: diagnosis and management","NICE • ACC_AHA","قيد المراجعة","","","","",""
"المخ والأعصاب","neuro.meningitis","التهاب السحايا","Meningitis","G03.9","طوارئ فورًا","الجنسان","حُمّى مع تيبّس الرقبة (3) • صداع مفاجئ هو الأشد في حياتك (1) • نوبات تشنّج أو فقدان وعي (1)","التهاب الأغشية المحيطة بالدماغ والحبل الشوكي، والبكتيري منه خطير وسريع.","طوارئ فورية: بزل قطني ومضادات حيوية وريدية دون تأخير.","حمّى وصداع وتيبّس رقبة، وأحيانًا طفح لا يختفي بالضغط.","مزرعة الدم قبل المضاد الحيوي • البزل القطني وتحليل السائل الدماغي الشوكي (CSF) • صورة دم كاملة (CBC) والبروتين التفاعلي (CRP) • تحليل (PCR) للدم والسائل الدماغي","أشعة مقطعية على الدماغ (CT) قبل البزل عند وجود علامات معينة","مضادات حيوية وريدية فورية: ceftriaxone, cefotaxime — تُعطى في المستشفى؛ بوصفة طبية فقط • الكورتيزون لتقليل المضاعفات: dexamethasone — تُعطى في المستشفى • مضاد فيروسي عند الاشتباه بالتهاب الدماغ الهربسي: aciclovir — تُعطى في المستشفى","العناية المركزة عند الحاجة • مضادات حيوية وقائية للمخالطين المقرّبين حسب الصحة العامة • متابعة السمع بعد الشفاء","الاتصال بالإسعاف 123 فورًا عند حمى مع تيبس الرقبة أو طفح لا يختفي بالضغط","NICE NG240 Meningitis (bacterial) and meningococcal disease: recognition, diagnosis and management","NICE • IDSA • WHO • WHO_EML","قيد المراجعة","","","","",""
"المخ والأعصاب","neuro.migraine","الصداع النصفي (الشقيقة)","Migraine","G43.9","راجع الطبيب المختص","الجنسان","صداع نابض في جانب واحد مع غثيان وانزعاج من الضوء (3) • اضطرابات بصرية (ومضات أو خطوط) تسبق الصداع (2)","نوبات صداع نابض متكررة، غالبًا في جانب واحد، مع غثيان وحساسية للضوء والصوت.","مسكنات مبكرة أو أدوية التريبتان عند النوبة، والراحة في غرفة مظلمة، وعلاج وقائي عند تكرار النوبات، مع تجنّب المحفِّزات.","","","رنين مغناطيسي على الدماغ (MRI) فقط عند وجود علامات إنذار","مسكنات للنوبة: ibuprofen, aspirin, paracetamol • التريبتانات للنوبة المتوسطة والشديدة: sumatriptan — بوصفة طبية فقط • مضادات القيء: metoclopramide — بوصفة طبية فقط • الوقاية للنوبات المتكررة: propranolol, amitriptyline, topiramate — بوصفة طبية فقط؛ توبيرامات يُتجنب في الحمل","مفكرة الصداع لتحديد المحفزات • العلاج المعرفي السلوكي وتمارين الاسترخاء","الراحة في غرفة مظلمة هادئة • انتظام النوم والوجبات وشرب الماء • تجنّب الإفراط في المسكنات لأكثر من أيام قليلة أسبوعيًا","NICE CG150 Headaches in over 12s: diagnosis and management","NICE • AHS • WHO_EML","قيد المراجعة","","","","",""
"المخ والأعصاب","neuro.tension","صداع التوتر","Tension-type headache","G44.2","رعاية منزلية ومتابعة","الجنسان","صداع ضاغط حول الرأس كالحزام (3)","أشيع أنواع الصداع، ضاغط على جانبي الرأس، ويرتبط بالتوتر وقلة النوم وطول الجلوس.","مسكن بسيط، والنوم المنتظم، وتمارين الرقبة والاسترخاء، وتقليل الكافيين. تجنّب الإفراط في المسكنات لأنه يسبب صداعًا ارتداديًا.","","","","مسكنات بسيطة: paracetamol, ibuprofen, aspirin — تجنّب الإفراط لتفادي صداع الإفراط الدوائي • الوقاية للصداع المزمن: amitriptyline — بوصفة طبية فقط","العلاج الطبيعي وتمارين الرقبة والكتفين • العلاج المعرفي السلوكي وتقنيات الاسترخاء • الوخز بالإبر للصداع المزمن (حسب NICE)","تقليل التوتر وأخذ فترات راحة من الشاشات • انتظام النوم وشرب الماء • كمادات دافئة على الرقبة","NICE CG150 Headaches in over 12s: diagnosis and management","NICE • WHO_EML","قيد المراجعة","","","","",""
"المخ والأعصاب","neuro.epilepsy","الصرع","Epilepsy","G40.9","فحص عاجل خلال 24 ساعة","الجنسان","نوبات تشنّج أو فقدان وعي (3)","نشاط كهربائي غير طبيعي ومتكرر في الدماغ يسبب نوبات تشنج أو شرود أو فقدان وعي.","تقييم لدى طبيب الأعصاب برسم المخ والأشعة، ثم أدوية مضادة للصرع. النوبة الأطول من 5 دقائق تستدعي الإسعاف.","","تخطيط الدماغ الكهربائي (EEG) • سكر الدم والأملاح والكالسيوم • تخطيط القلب الكهربائي (ECG)","رنين مغناطيسي على الدماغ (MRI)","مضادات الصرع: lamotrigine, levetiracetam, carbamazepine — بوصفة طبية فقط؛ لا توقفها فجأة • فالبروات: valproic acid — بوصفة طبية فقط؛ يُتجنب للنساء في سن الإنجاب إلا بشروط • أدوية إسعافية للنوبة الطويلة: midazolam, diazepam — بوصفة طبية فقط؛ يحددها الطبيب للأسرة","جراحة الصرع للحالات المقاومة • محفز العصب المبهم (VNS) • النظام الغذائي الكيتوني لحالات مختارة","أثناء النوبة: ضع المريض على جانبه ولا تضع شيئًا في فمه • الاتصال بـ123 إذا استمرت النوبة أكثر من 5 دقائق • تجنّب السباحة منفردًا والقيادة حتى يسمح الطبيب","NICE NG217 Epilepsies in children, young people and adults","NICE • ILAE • WHO_EML","قيد المراجعة","","","","",""
"المخ والأعصاب","neuro.bell","شلل الوجه النصفي (شلل بِل)","Bell's palsy","G51.0","فحص عاجل خلال 24 ساعة","الجنسان","عدم القدرة على إغلاق العين أو رفع الحاجب في جانب واحد (3) • اعوجاج مفاجئ في الوجه (2)","ضعف مفاجئ في عضلات نصف الوجه بسبب التهاب العصب الوجهي، ويتحسن غالبًا خلال أسابيع.","كورتيزون خلال أول 72 ساعة، وحماية العين بالقطرات. يجب أولًا استبعاد السكتة إذا وُجد ضعف في الأطراف أو اضطراب في الكلام.","يشمل الجبهة (يتعذّر رفع الحاجب)، بخلاف السكتة غالبًا.","سكر الدم (HbA1c)","رنين مغناطيسي (MRI) فقط عند أعراض غير نمطية أو عدم التحسن","الكورتيزون خلال 72 ساعة من البداية: prednisolone — بوصفة طبية فقط • قطرات ومراهم مرطبة للعين: artificial tears (carmellose, hypromellose)","حماية العين وتغطيتها ليلًا • العلاج الطبيعي لعضلات الوجه • إحالة لطبيب العيون عند ألم أو احمرار العين","استخدام القطرات المرطبة بانتظام • تغطية العين أثناء النوم • ارتداء نظارة واقية خارج المنزل","AAO-HNS Clinical Practice Guideline: Bell's Palsy (2013)","AAO_HNS • AAN • WHO_EML","قيد المراجعة","","","","",""
"المخ والأعصاب","neuro.parkinson","مرض باركنسون","Parkinson disease","G20","راجع الطبيب المختص","الجنسان","رعشة في اليدين أثناء الراحة مع بطء في الحركة (3)","مرض تنكّسي تدريجي يقل فيه الدوبامين في الدماغ، فيسبب رعشة وبطئًا وتيبّسًا.","تشخيص سريري لدى طبيب الأعصاب، وأدوية تعوّض الدوبامين، مع العلاج الطبيعي.","","","رنين مغناطيسي على الدماغ (MRI) لاستبعاد أسباب أخرى • تصوير نقل الدوبامين (DaTscan) لحالات مختارة","ليفودوبا مع مثبط الإنزيم: levodopa/carbidopa — بوصفة طبية فقط • ناهضات الدوبامين: pramipexole, ropinirole — بوصفة طبية فقط؛ راقب السلوك الاندفاعي • مثبطات MAO-B: rasagiline, selegiline — بوصفة طبية فقط","العلاج الطبيعي والوظيفي وعلاج النطق والبلع • التحفيز العميق للدماغ (DBS) لحالات مختارة","ممارسة الرياضة والمشي بانتظام • تأمين المنزل لتجنب السقوط • تناول الدواء في مواعيد ثابتة","NICE NG71 Parkinson's disease in adults","NICE • AAN • WHO_EML","قيد المراجعة","","","","",""
"المخ والأعصاب","neuro.neuropathy","اعتلال الأعصاب الطرفية","Peripheral neuropathy","G62.9","راجع الطبيب المختص","الجنسان","تنميل أو حرقان في القدمين يشبه الجوارب (3)","تلف الأعصاب الطرفية، وأشهر أسبابه السكري ونقص فيتامين ب12.","ضبط السكر وفحص فيتامين ب12، وأدوية لآلام الأعصاب، والعناية اليومية بالقدمين.","","السكر التراكمي (HbA1c) • فيتامين B12 ووظائف الغدة الدرقية (TSH) • وظائف الكلى والكبد • تخطيط الأعصاب والعضلات (NCS/EMG)","","أدوية الألم العصبي: amitriptyline, duloxetine, gabapentin, pregabalin — بوصفة طبية فقط","علاج السبب كضبط السكر أو تعويض B12 • رعاية القدم المتخصصة (Podiatry) • العلاج الطبيعي لتحسين التوازن","فحص القدمين يوميًا بحثًا عن جروح • ارتداء أحذية مريحة وتجنّب المشي حافيًا • تجنّب الكحول","NICE CG173 Neuropathic pain in adults: pharmacological management in non-specialist settings","NICE • AAN • WHO_EML","قيد المراجعة","","","","",""
"المخ والأعصاب","neuro.trigeminal","ألم العصب الخامس (العصب ثلاثي التوائم)","Trigeminal neuralgia","G50.0","راجع الطبيب المختص","الجنسان","نوبات ألم كالصعقة الكهربائية في جانب الوجه عند اللمس أو المضغ (3)","نوبات ألم شديد كالصعقة في جانب الوجه يثيرها اللمس أو المضغ أو الكلام.","أدوية مضادة للتشنج (مثل الكاربامازيبين) لدى طبيب الأعصاب، وأشعة رنين، وتدخل جراحي في الحالات المقاومة.","","صورة دم كاملة (CBC) والأملاح ووظائف الكبد لمتابعة الدواء","رنين مغناطيسي على الدماغ (MRI)","مضادات الصرع للخط الأول: carbamazepine, oxcarbazepine — بوصفة طبية فقط؛ تحتاج تحاليل دورية","جراحة تخفيف الضغط الوعائي العصبي (Microvascular decompression) • إجراءات عبر الجلد أو الجراحة الإشعاعية لحالات مختارة","تجنّب المحفزات كالهواء البارد على الوجه","European Academy of Neurology (EAN) guideline on trigeminal neuralgia (2019)","AAN • NICE • WHO_EML","قيد المراجعة","","","","",""
"المخ والأعصاب","neuro.ms","التصلّب المتعدد","Multiple sclerosis","G35","راجع الطبيب المختص","الجنسان","زغللة أو ضعف في عين مع تنميل في أطراف ظهر ثم تحسّن (نوبات متكررة) (3) • ضعف أو خدر مفاجئ في جانب واحد من الجسم (1)","مرض مناعي يصيب غلاف الأعصاب في الدماغ والحبل الشوكي، ويظهر بنوبات من ضعف الرؤية أو التنميل أو الضعف ثم تحسّن، أشيع لدى الشابات.","رنين على المخ والنخاع لدى طبيب الأعصاب، وأدوية معدّلة لمسار المرض تقلل النوبات، والكورتيزون للنوبة الحادة.","","تحليل السائل الدماغي للحزم قليلة النسيلة (Oligoclonal bands) • الجهود المستثارة البصرية (VEP) • تحاليل دم لاستبعاد الأمراض المشابهة","رنين مغناطيسي على الدماغ والنخاع الشوكي بالصبغة (MRI)","الكورتيزون للانتكاسات الحادة: methylprednisolone — بوصفة طبية فقط • الأدوية المعدّلة لمسار المرض: ocrelizumab, glatiramer acetate, dimethyl fumarate, interferon beta — بوصفة طبية فقط؛ يقررها اختصاصي الأعصاب","العلاج الطبيعي والوظيفي • متابعة دورية بالرنين المغناطيسي","النشاط البدني المنتظم • الإقلاع عن التدخين • تجنّب الحرارة الشديدة عند تفاقم الأعراض","NICE NG220 Multiple sclerosis in adults: management","NICE • AAN • WHO_EML","قيد المراجعة","","","","",""
"المخ والأعصاب","neuro.rls","متلازمة تململ الساقين","Restless legs syndrome","G25.8","رعاية منزلية ومتابعة","الجنسان","رغبة ملحّة في تحريك الساقين ليلًا تخف بالحركة (3)","رغبة ملحّة في تحريك الساقين مع إحساس مزعج يزداد ليلًا ويخف بالحركة، وقد يرتبط بنقص الحديد.","فحص مخزون الحديد وتعويضه، وتمارين إطالة ونوم منتظم وتقليل الكافيين، وأدوية عند الحاجة.","","مخزون الحديد (Ferritin) ونسبة تشبع الترانسفيرين • وظائف الكلى • سكر الدم (HbA1c)","","مكملات الحديد عند انخفاض المخزون: ferrous sulfate, ferric carboxymaltose — بعد تحليل الحديد وبإشراف الطبيب • أدوية ألفا-2-دلتا: gabapentin, pregabalin — بوصفة طبية فقط","مراجعة الأدوية التي قد تزيد الأعراض","تدليك الساقين أو حمّام دافئ قبل النوم • تقليل الكافيين والكحول • الرياضة المعتدلة وانتظام النوم","AASM clinical practice guideline for the treatment of restless legs syndrome (2024)","AAN • NICE • WHO_EML","قيد المراجعة","","","","",""
"المخ والأعصاب","neuro.gbs","متلازمة جيلان باريه","Guillain-Barré syndrome","G61.0","طوارئ فورًا","الجنسان","ضعف يبدأ في القدمين ويصعد سريعًا خلال أيام (3)","التهاب مناعي حاد في الأعصاب الطرفية غالبًا بعد عدوى، يسبب ضعفًا يصعد من القدمين وقد يصل إلى عضلات التنفس.","طوارئ فورًا: دخول المستشفى ومراقبة التنفس، والعلاج بالأجسام المضادة الوريدية أو تبديل البلازما.","","البزل القطني وتحليل بروتين السائل الدماغي (CSF) • تخطيط الأعصاب والعضلات (NCS/EMG) • قياس السعة الحيوية للتنفس (FVC) بشكل متكرر","رنين مغناطيسي على النخاع الشوكي (MRI) لاستبعاد أسباب أخرى","الغلوبولين المناعي الوريدي (IVIG): human normal immunoglobulin — تُعطى في المستشفى • الوقاية من جلطات الأوردة: enoxaparin, heparin — تُعطى في المستشفى","تبديل البلازما (Plasma exchange) كبديل للغلوبولين • مراقبة التنفس في العناية المركزة وجهاز تنفس عند الحاجة • التأهيل الحركي والعلاج الطبيعي","التوجه للطوارئ فورًا عند ضعف متصاعد أو صعوبة في التنفس أو البلع","EAN/PNS 2023 guideline on diagnosis and treatment of Guillain-Barré syndrome","AAN • WHO • WHO_EML","قيد المراجعة","","","","",""
"المخ والأعصاب","neuro.myasthenia","الوهن العضلي الوبيل","Myasthenia gravis","G70.0","فحص عاجل خلال 24 ساعة","الجنسان","ضعف عضلي يزداد مع التعب وارتخاء الجفن أو ازدواج الرؤية (3)","مرض مناعي يضعف الاتصال بين الأعصاب والعضلات، فيزداد الضعف مع الاستخدام ويتحسن بالراحة، ويظهر غالبًا في الجفون والعينين.","تحاليل الأجسام المضادة لدى طبيب الأعصاب، وأدوية تحسّن نقل الإشارة ومثبطات المناعة. صعوبة البلع أو التنفس طوارئ.","","أجسام مضادة لمستقبلات الأسيتيل كولين (AChR) و(MuSK) • تخطيط العضلات بالتحفيز المتكرر (RNS) أو الألياف المفردة • وظائف الغدة الدرقية (TSH) • قياس السعة الحيوية للتنفس (FVC)","أشعة مقطعية على الصدر (CT) للبحث عن ورم الغدة الزعترية","مثبطات الكولين استيراز للأعراض: pyridostigmine — بوصفة طبية فقط • مثبطات المناعة: prednisolone, azathioprine — بوصفة طبية فقط؛ تحتاج متابعة تحاليل • علاج الأزمة الحادة: human normal immunoglobulin — تُعطى في المستشفى","استئصال الغدة الزعترية (Thymectomy) لحالات مختارة • تبديل البلازما (Plasma exchange) في الأزمات","مراجعة الطوارئ فورًا عند صعوبة التنفس أو البلع • إبلاغ أي طبيب بالمرض قبل وصف أدوية جديدة","International Consensus Guidance for Management of Myasthenia Gravis (2020 update)","AAN • WHO_EML","قيد المراجعة","","","","",""
"المخ والأعصاب","neuro.concussion","ارتجاج المخ","Concussion","S06.0","فحص عاجل خلال 24 ساعة","الجنسان","صداع ودوخة وتشوش بعد ضربة على الرأس (3)","اضطراب مؤقت في وظائف الدماغ بعد ضربة على الرأس، يسبب صداعًا ودوخة وتشوشًا ونسيانًا.","راحة ذهنية وجسدية ومتابعة 24 ساعة. القيء المتكرر أو النعاس الشديد أو الضعف أو الصداع المتزايد يستدعي أشعة مقطعية فورًا.","","تقييم عصبي ومقياس غلاسكو للغيبوبة (GCS)","أشعة مقطعية على الدماغ (CT) عند وجود علامات خطر","مسكنات بسيطة: paracetamol — تجنّب الأسبرين ومضادات الالتهاب في البداية إلا بإذن الطبيب","عودة تدريجية للدراسة والعمل والرياضة حسب الأعراض • متابعة عند استمرار الأعراض أكثر من أسبوعين","وجود شخص بالغ مع المصاب خلال أول 24 ساعة • تجنّب الكحول والقيادة حتى يسمح الطبيب • الطوارئ فورًا عند قيء متكرر أو نعاس شديد أو تفاقم الصداع","NICE NG232 Head injury: assessment and early management","NICE • CDC • WHO_EML","قيد المراجعة","","","","",""
"المخ والأعصاب","neuro.meniere","داء منيير","Ménière disease","H81.0","راجع الطبيب المختص","الجنسان","دوخة دوّارة مع طنين وضعف سمع في نوبات تستمر ساعات (3)","اضطراب في سوائل الأذن الداخلية يسبب نوبات دوار تستمر ساعات مع طنين وضعف سمع وامتلاء في الأذن.","تقليل الملح والكافيين، وأدوية للدوار ومدرّات، ومتابعة السمع لدى طبيب الأنف والأذن.","","تخطيط السمع (Audiometry) • اختبارات الجهاز الدهليزي (Vestibular testing)","رنين مغناطيسي على الدماغ والأذن الداخلية (MRI) لاستبعاد الأورام","مضادات الدوار والقيء للنوبة الحادة: prochlorperazine, promethazine — بوصفة طبية فقط؛ لفترة قصيرة • أدوية للوقاية حسب تقدير الطبيب: betahistine, hydrochlorothiazide — بوصفة طبية فقط؛ الأدلة محدودة","تأهيل الجهاز الدهليزي (Vestibular rehabilitation) • حقن الكورتيزون عبر طبلة الأذن لحالات مختارة • سماعات الأذن عند ضعف السمع","تقليل الملح والكافيين والكحول • الجلوس أو الاستلقاء فورًا عند بدء الدوار • مفكرة لتسجيل النوبات ومحفزاتها","AAO-HNS Clinical Practice Guideline: Ménière's Disease (2020)","AAO_HNS • NICE • WHO_EML","قيد المراجعة","","","","",""
"العيون","eyes.rd","انفصال الشبكية","Retinal detachment","H33.0","طوارئ فورًا","الجنسان","ومضات ضوئية مفاجئة أو نقاط سوداء عائمة (3) • ستارة أو ظل يحجب جزءًا من الرؤية (3) • زغللة أو تشوّش مفاجئ في الرؤية (2)","انفصال الطبقة الحساسة للضوء في قاع العين عن الأنسجة المغذية لها.","طوارئ عيون فورية: جراحة عاجلة لإعادة تثبيت الشبكية قبل أن يُفقد البصر بصورة دائمة.","الومضات المفاجئة أو الستارة السوداء تستدعي الطوارئ.","فحص قاع العين بعد توسيع الحدقة","التصوير المقطعي البصري للشبكية (OCT) • الموجات فوق الصوتية على العين (B-scan)","","تثبيت الشبكية بالليزر أو التبريد للتمزقات • حقن غاز داخل العين (Pneumatic retinopexy) • استئصال الزجاجية (Vitrectomy) أو حزام الصلبة","التوجه لطوارئ العيون فورًا • تجنّب المجهود والانحناء حتى يراك الطبيب","AAO Preferred Practice Pattern: Posterior Vitreous Detachment, Retinal Breaks, and Lattice Degeneration","AAO","قيد المراجعة","","","","",""
"العيون","eyes.glaucoma","الزَّرَق الحاد (المياه الزرقاء الحادة)","Acute angle-closure glaucoma","H40.2","طوارئ فورًا","الجنسان","ألم شديد في العين مع صداع وغثيان وهالات حول الأضواء (3) • احمرار في العين (2) • زغللة أو تشوّش مفاجئ في الرؤية (2) • ألم في العين مع الضوء (1)","ارتفاع مفاجئ وشديد في ضغط العين بسبب انسداد تصريف السائل داخلها، وقد يُتلف العصب البصري خلال ساعات.","طوارئ عيون: قطرات وأدوية لخفض الضغط فورًا، ثم ليزر لمنع التكرار.","عين شديدة الاحمرار والألم مع صداع وقيء وهالات حول الأضواء.","قياس ضغط العين (Tonometry) • فحص زاوية العين (Gonioscopy)","التصوير المقطعي البصري للجزء الأمامي (AS-OCT)","خافضات ضغط العين الفموية أو الوريدية: acetazolamide, mannitol — تُعطى في المستشفى • قطرات خافضة لضغط العين: timolol, pilocarpine — تُعطى في المستشفى","فتح القزحية بالليزر (Laser peripheral iridotomy) للعينين • استخراج العدسة لحالات مختارة","التوجه لطوارئ العيون فورًا • تجنّب أي قطرات موسّعة للحدقة","AAO Preferred Practice Pattern: Primary Angle-Closure Disease","AAO • WHO_EML","قيد المراجعة","","","","",""
"العيون","eyes.conjunctivitis","التهاب الملتحمة","Conjunctivitis","H10.9","رعاية منزلية ومتابعة","الجنسان","حكة وإفرازات (3) • احمرار في العين (2)","التهاب الغشاء الشفاف المغطّي لبياض العين، بسبب عدوى أو حساسية.","كمادات ونظافة وعدم فرك العين، والقطرة المناسبة يحددها طبيب العيون حسب السبب. الألم الشديد أو ضعف الرؤية يستدعي فحصًا سريعًا.","","مسحة من العين للمزرعة في الحالات الشديدة أو لحديثي الولادة","","قطرات مضاد حيوي للالتهاب البكتيري: chloramphenicol, ofloxacin, azithromycin — بوصفة طبية فقط؛ لا تفيد في الالتهاب الفيروسي • قطرات مضادة للحساسية للالتهاب التحسسي: olopatadine, ketotifen • قطرات مرطبة: artificial tears (carmellose, hypromellose)","","كمادات باردة ومسح الإفرازات بقطنة نظيفة • غسل اليدين وعدم مشاركة المناشف • إزالة العدسات اللاصقة حتى الشفاء","AAO Preferred Practice Pattern: Conjunctivitis","AAO • NICE • WHO_EML","قيد المراجعة","","","","",""
"العيون","eyes.dryeye","جفاف العين","Dry eye","H04.1","رعاية منزلية ومتابعة","الجنسان","إحساس بالحرقان أو بوجود رمل في العين (3) • احمرار في العين (1)","نقص في كمية الدموع أو جودتها، فيحدث حرقان وإحساس بوجود رمل في العين.","دموع اصطناعية، وتقليل الشاشات مع فترات راحة، ومتابعة طبيب العيون عند الاستمرار.","","اختبار شيرمر لقياس كمية الدموع (Schirmer test) • زمن تفكك الغشاء الدمعي (TBUT) وصبغة الفلوريسين","","دموع اصطناعية (مزلّقات العين): carmellose, hypromellose — يُفضَّل الخالي من المواد الحافظة عند الاستعمال المتكرر • مضادات الالتهاب الموضعية للحالات المتوسطة والشديدة: ciclosporin — بوصفة طبية فقط","فحص بالمصباح الشقي (Slit lamp) لتقييم سطح العين والجفون • سدّادات القنوات الدمعية (Punctal plugs) للحالات الشديدة","فترات راحة منتظمة من الشاشات مع الرمش المتعمد • كمادات دافئة وتنظيف حافة الجفن • تجنب الهواء المباشر من المكيّف والمراوح","AAO Preferred Practice Pattern: Dry Eye Syndrome","AAO • NICE • WHO_EML","قيد المراجعة","","","","",""
"العيون","eyes.cataract","الساد (المياه البيضاء)","Cataract","H25.9","راجع الطبيب المختص","الجنسان","ضعف تدريجي في الرؤية على مدى شهور (3) • زغللة أو تشوّش مفاجئ في الرؤية (1)","عتامة تدريجية في عدسة العين، شائعة جدًا مع التقدم في العمر.","نظارة في البداية، ثم جراحة استبدال العدسة (بسيطة وآمنة) عندما تؤثر في الحياة اليومية.","يختلف عن انفصال الشبكية في أن الضعف تدريجي على شهور لا مفاجئ.","قياس حدة الإبصار والانكسار • قياسات العدسة قبل الجراحة (Biometry)","تصوير التماسك البصري للشبكية (OCT) عند الحاجة قبل الجراحة","","فحص العين بالمصباح الشقي بعد توسيع الحدقة • جراحة استحلاب العدسة وزراعة عدسة داخل العين (Phacoemulsification) • تحديث النظارة في المراحل المبكرة","نظارة شمسية واقية من الأشعة فوق البنفسجية • إضاءة جيدة للقراءة وتجنب القيادة الليلية عند ضعف الرؤية","NICE NG77 Cataracts in adults: management (2017)","NICE • AAO","قيد المراجعة","","","","",""
"العيون","eyes.stye","شحاذ العين (دُمَّل الجفن)","Stye","H00.0","رعاية منزلية ومتابعة","الجنسان","تورّم مؤلم في حافة الجفن (3) • حكة وإفرازات (1)","التهاب أو انسداد في غدة دهنية بحافة الجفن يكوّن تورّمًا صغيرًا مؤلمًا.","كمادات دافئة عشر دقائق عدة مرات يوميًا ونظافة الجفن. راجع الطبيب إذا كبر أو امتد التورم إلى الوجه.","","","","","فحص الجفن لدى الطبيب إذا لم يتحسن خلال أسبوعين • شق وتصريف صغير لدى طبيب العيون للحالات المستمرة","كمادات دافئة 10 دقائق عدة مرات يوميًا • تنظيف حافة الجفن بلطف وعدم عصر التورم • إيقاف المكياج والعدسات اللاصقة حتى الشفاء","NICE Clinical Knowledge Summary: Stye (hordeolum)","NICE • AAO","قيد المراجعة","","","","",""
"العيون","eyes.amd","التنكّس البقعي المرتبط بالعمر","Age-related macular degeneration","H35.3","راجع الطبيب المختص","الجنسان","بقعة ضبابية أو تشوّه في وسط الرؤية لدى من تجاوز الستين (3)","تلف تدريجي في مركز الشبكية يضعف الرؤية المركزية، ونوعه الرطب قد يتدهور بسرعة.","فحص قاع العين وتصوير الشبكية (OCT)، وحقن داخل العين للنوع الرطب، ومكملات مخصصة للنوع الجاف.","","قياس حدة الإبصار واختبار شبكة أمسلر (Amsler grid)","تصوير التماسك البصري للشبكية (OCT) • تصوير الأوعية بالفلوريسين (FFA) عند الاشتباه بالنوع الرطب","مثبطات عامل نمو بطانة الأوعية (Anti-VEGF) للنوع الرطب: ranibizumab, aflibercept, bevacizumab — حقن داخل العين لدى طبيب الشبكية فقط • مكملات مضادة للأكسدة (تركيبة AREDS2) للنوع الجاف المتوسط: vitamin C, vitamin E, zinc, lutein, zeaxanthin — بعد استشارة الطبيب","فحص قاع العين بعد توسيع الحدقة • تأهيل ضعف البصر ووسائل التكبير","الإقلاع عن التدخين • فحص الرؤية المركزية بشبكة أمسلر في المنزل ومراجعة فورية عند التغير","NICE NG82 Age-related macular degeneration (2018)","NICE • AAO • WHO_EML","قيد المراجعة","","","","",""
"العيون","eyes.dr","اعتلال الشبكية السكري","Diabetic retinopathy","H36.0","راجع الطبيب المختص","الجنسان","مريض سكري لم يفحص قاع العين منذ أكثر من سنة أو لديه زغللة (3) • زغللة أو تشوّش مفاجئ في الرؤية (1)","تلف أوعية الشبكية بسبب السكري، وهو صامت في بدايته ومن أهم أسباب فقدان البصر.","فحص قاع العين سنويًا لمريض السكري، وضبط السكر والضغط، وليزر أو حقن داخل العين عند الحاجة.","","الهيموجلوبين السكري (HbA1c) • قياس ضغط الدم ودهون الدم • وظائف الكلى ونسبة الألبومين في البول (ACR)","تصوير قاع العين الرقمي (Fundus photography) • تصوير التماسك البصري للشبكية (OCT) لوذمة البقعة • تصوير الأوعية بالفلوريسين (FFA) عند الحاجة","مثبطات عامل نمو بطانة الأوعية (Anti-VEGF) لوذمة البقعة: ranibizumab, aflibercept, bevacizumab — حقن داخل العين لدى طبيب الشبكية فقط","الليزر الضوئي الشامل للشبكية (PRP) للاعتلال التكاثري • جراحة استئصال الزجاجي (Vitrectomy) للنزيف أو الانفصال • ضبط السكر والضغط بالتعاون مع طبيب السكري","فحص قاع العين سنويًا على الأقل • الالتزام بأدوية السكري والضغط • الإقلاع عن التدخين","AAO Preferred Practice Pattern: Diabetic Retinopathy","AAO • ADA • WHO_EML","قيد المراجعة","","","","",""
"العيون","eyes.poag","الزَّرَق المزمن (المياه الزرقاء)","Primary open-angle glaucoma","H40.1","راجع الطبيب المختص","الجنسان","ضيق تدريجي في مجال الرؤية الجانبية دون ألم (3)","تلف بطيء في العصب البصري غالبًا مع ارتفاع ضغط العين، يأكل الرؤية الجانبية دون ألم حتى مراحل متأخرة.","قياس ضغط العين ومجال الإبصار، وقطرات يومية مدى الحياة أو ليزر. الفحص الدوري بعد الأربعين يكشفه مبكرًا.","","قياس ضغط العين (Tonometry) • فحص مجال الإبصار (Visual field) • قياس سماكة القرنية (Pachymetry) وفحص زاوية العين (Gonioscopy)","تصوير التماسك البصري للعصب البصري وطبقة الألياف العصبية (OCT)","نظائر البروستاجلاندين (قطرات): latanoprost — بوصفة طبية فقط • حاصرات بيتا الموضعية (قطرات): timolol — بوصفة طبية فقط؛ تُتجنب غالبًا مع الربو • مثبطات الأنهيدراز الكربونية الموضعية: dorzolamide, brinzolamide — بوصفة طبية فقط","الرأب الانتقائي للتربيق بالليزر (SLT) • جراحة الترشيح (Trabeculectomy) عند عدم السيطرة على الضغط","استعمال القطرات بانتظام في مواعيدها • المتابعة الدورية حتى مع عدم وجود أعراض","NICE NG81 Glaucoma: diagnosis and management (2017, updated 2022)","NICE • AAO • WHO_EML","قيد المراجعة","","","","",""
"العيون","eyes.keratitis","التهاب القرنية","Keratitis","H16.9","فحص عاجل خلال 24 ساعة","الجنسان","ألم واحمرار في العين مع إفرازات لدى مستخدم العدسات اللاصقة (3) • ألم في العين مع الضوء (1)","التهاب أو عدوى في القرنية، أشيع لدى مستخدمي العدسات اللاصقة، وقد يترك عتامة دائمة.","انزع العدسات فورًا وراجع طبيب العيون اليوم نفسه للقطرات المناسبة.","","كشط القرنية لعمل مزرعة وصبغة (Corneal scraping & culture) • مزرعة العدسات اللاصقة وعلبتها عند الحاجة","","قطرات مضاد حيوي موضعية: ofloxacin, ciprofloxacin, moxifloxacin — بوصفة طبية فقط؛ يحددها طبيب العيون • مضادات الفيروسات للالتهاب الهربسي: aciclovir — بوصفة طبية فقط • مضادات الفطريات للالتهاب الفطري: natamycin — بوصفة طبية فقط؛ لدى طبيب العيون","فحص عاجل بالمصباح الشقي مع صبغة الفلوريسين • متابعة لصيقة وقد يلزم الدخول للمستشفى في الحالات الشديدة","نزع العدسات اللاصقة فورًا وعدم ارتدائها حتى الشفاء • عدم استخدام قطرات الكورتيزون دون إذن الطبيب","AAO Preferred Practice Pattern: Bacterial Keratitis","AAO • NICE • WHO_EML","قيد المراجعة","","","","",""
"العيون","eyes.strabismus","الحَوَل لدى الأطفال","Strabismus","H50.9","راجع الطبيب المختص","الجنسان","حَوَل أو انحراف إحدى العينين لدى طفل (3)","عدم توازي العينين، وقد يؤدي إلى كسل العين إذا لم يُعالج في الطفولة.","فحص لدى طبيب عيون الأطفال، ونظارة أو تغطية العين السليمة أو جراحة حسب الحالة. العلاج المبكر أفضل.","","قياس حدة الإبصار المناسب للعمر • قياس الانكسار بعد قطرات شل التكيّف (Cycloplegic refraction) • اختبار التغطية (Cover test)","","قطرات توسيع الحدقة لعلاج الكسل (Penalisation): atropine — بوصفة طبية فقط؛ للأطفال حسب تقدير الطبيب","نظارة طبية لتصحيح الانكسار • تغطية العين السليمة (Patching) لعلاج كسل العين • جراحة عضلات العين عند الحاجة • تمارين العين لبعض الحالات","","AAO Preferred Practice Pattern: Esotropia and Exotropia","AAO • AAP • WHO_EML","قيد المراجعة","","","","",""
"العيون","eyes.refractive","عيوب الإبصار (قصر النظر وطوله)","Refractive error","H52.7","رعاية منزلية ومتابعة","الجنسان","صعوبة رؤية الأشياء البعيدة أو القريبة وصداع مع القراءة (3)","عدم تركيز الضوء على الشبكية بدقة فتتشوش الرؤية للبعيد أو القريب، وطول النظر الشيخوخي يبدأ بعد الأربعين.","قياس النظر وتصحيحه بالنظارة أو العدسات أو جراحات الليزر للبالغين.","","قياس حدة الإبصار والانكسار • قياس الانكسار بعد قطرات شل التكيّف للأطفال","تخطيط القرنية (Corneal topography) قبل جراحات الليزر","","نظارة طبية أو عدسات لاصقة • جراحات الليزر لتصحيح النظر للبالغين (LASIK/PRK) • فحص قاع العين عند قصر النظر الشديد","فحص النظر دوريًا وخاصة للأطفال • قضاء وقت في الهواء الطلق للأطفال • العناية الصحيحة بالعدسات اللاصقة","AAO Preferred Practice Pattern: Refractive Errors","AAO • WHO","قيد المراجعة","","","","",""
"العيون","eyes.injury","إصابة العين الطارئة","Eye injury","S05.9","طوارئ فورًا","الجنسان","إصابة مباشرة أو مادة كيميائية في العين (3)","الإصابات المباشرة والمواد الكيميائية قد تفقد البصر خلال وقت قصير.","للمواد الكيميائية: اغسل العين بالماء الجاري 15 دقيقة فورًا. ثم توجّه إلى طوارئ العيون دون فرك العين أو الضغط عليها.","","قياس حموضة سطح العين (pH) بعد الإصابات الكيميائية • قياس حدة الإبصار","أشعة مقطعية على الحجاج (CT orbit) عند الاشتباه بجسم غريب أو كسر","قطرات مضاد حيوي موضعية: chloramphenicol, ofloxacin — تُعطى في المستشفى؛ بوصفة طبية فقط • مسكنات الألم: paracetamol, ibuprofen — تُعطى في المستشفى • الوقاية من الكزاز عند الجروح النافذة: tetanus toxoid — تُعطى في المستشفى حسب حالة التطعيم","غسل العين الغزير بمحلول ملحي حتى تعود درجة الحموضة لطبيعتها • فحص بالمصباح الشقي مع صبغة الفلوريسين • إزالة الأجسام الغريبة السطحية • جراحة إصلاح عاجلة للجروح النافذة","للمواد الكيميائية: غسل العين بماء جارٍ 15 دقيقة فورًا • عدم فرك العين أو الضغط عليها أو نزع جسم مغروس فيها • الاتصال بالإسعاف 123 أو التوجه لطوارئ العيون","AAO guidance on eye trauma and chemical injury","AAO • ACEP • WHO_EML","قيد المراجعة","","","","",""
"الأنف والأذن والحنجرة","ent.otitis","التهاب الأذن الوسطى","Otitis media","H66.9","راجع الطبيب المختص","الجنسان","ألم في الأذن (3) • حُمّى (2)","عدوى وتجمّع سوائل خلف طبلة الأذن، شائع بعد نزلات البرد خاصة لدى الأطفال.","مسكنات وخافض حرارة، ومضاد حيوي إذا رأى الطبيب أن السبب بكتيري.","","فحص الأذن بالمنظار (Otoscopy) • قياس ضغط الأذن الوسطى (Tympanometry) عند استمرار السائل","","مسكنات وخافضات حرارة: paracetamol, ibuprofen — الجرعة حسب الوزن يحددها طبيب الأطفال • مضادات حيوية بنسلينية: amoxicillin — بوصفة طبية فقط؛ الجرعة حسب الوزن يحددها طبيب الأطفال • بديل للبنسلين أو عند الفشل: amoxicillin + clavulanic acid — بوصفة طبية فقط","الانتظار مع المراقبة 48–72 ساعة في الحالات الخفيفة • أنابيب تهوية الأذن (Grommets) للحالات المتكررة أو السائل المزمن","مسكن وخافض حرارة حسب التعليمات • الراحة وشرب السوائل • تجنب التدخين السلبي حول الطفل","NICE NG91 Otitis media (acute): antimicrobial prescribing (2018)","NICE • AAP • WHO_EML","قيد المراجعة","","","","",""
"الأنف والأذن والحنجرة","ent.sinusitis","التهاب الجيوب الأنفية","Sinusitis","J01.9","رعاية منزلية ومتابعة","الجنسان","انسداد مستمر في الأنف مع إفرازات (3) • ألم أو ثقل في الوجه حول العينين والوجنتين (3) • حُمّى (1)","التهاب في بطانة الجيوب الأنفية يعيق تصريف المخاط.","غسول ملحي للأنف واستنشاق البخار ومسكنات. أغلبه فيروسي ويشفى خلال 7–10 أيام؛ والمضاد الحيوي بقرار الطبيب فقط.","","","أشعة مقطعية على الجيوب الأنفية (CT) للحالات المزمنة أو المضاعفات فقط","مسكنات: paracetamol, ibuprofen • بخاخ كورتيزون أنفي للأعراض المستمرة: mometasone, fluticasone, budesonide — بحسب إرشاد الطبيب أو الصيدلي • مضادات حيوية عند الاشتباه البكتيري: amoxicillin, amoxicillin + clavulanic acid — بوصفة طبية فقط؛ ليست لازمة لأغلب الحالات","التنظير الأنفي (Nasal endoscopy) للحالات المزمنة • جراحة الجيوب بالمنظار (FESS) للحالات المزمنة غير المستجيبة","غسول الأنف بالمحلول الملحي • استنشاق البخار والراحة وشرب السوائل • مراجعة الطبيب إذا تجاوزت الأعراض 10 أيام أو ظهر تورم حول العين","NICE NG79 Sinusitis (acute): antimicrobial prescribing (2017)","NICE • IDSA • AAO_HNS • WHO_EML","قيد المراجعة","","","","",""
"الأنف والأذن والحنجرة","ent.tonsillitis","التهاب اللوزتين والبلعوم","Tonsillitis","J03.9","راجع الطبيب المختص","الجنسان","ألم عند البلع (3) • حُمّى (2)","عدوى فيروسية أو بكتيرية في اللوزتين تسبب تورّمًا وألمًا شديدًا عند البلع.","سوائل دافئة وراحة ومسكنات، ومضاد حيوي إذا اشتبه الطبيب في البكتيريا العقدية. تعذّر بلع الريق أو فتح الفم يستدعي فحصًا عاجلًا.","","اختبار المستضد السريع للعقديات (Rapid strep test) • مزرعة مسحة الحلق (Throat culture)","","مسكنات وخافضات حرارة: paracetamol, ibuprofen — للأطفال: الجرعة حسب الوزن يحددها الطبيب • مضادات حيوية بنسلينية للعقديات: phenoxymethylpenicillin, amoxicillin — بوصفة طبية فقط؛ يجب إكمال المدة كاملة • بديل عند حساسية البنسلين: clarithromycin, azithromycin — بوصفة طبية فقط","تقييم الحاجة للمضاد الحيوي بمعايير سريرية (Centor/FeverPAIN) • تصريف خراج حول اللوزة عند حدوثه • استئصال اللوزتين للحالات المتكررة وفق المعايير","سوائل دافئة وأطعمة لينة • الغرغرة بالماء المالح الدافئ للبالغين • طلب فحص عاجل عند تعذّر بلع الريق أو فتح الفم","NICE NG84 Sore throat (acute): antimicrobial prescribing (2018)","NICE • IDSA • AAO_HNS • WHO_EML","قيد المراجعة","","","","",""
"الأنف والأذن والحنجرة","ent.bppv","الدوار الوضعي الانتيابي الحميد","Benign paroxysmal positional vertigo","H81.1","راجع الطبيب المختص","الجنسان","دوار دوّامي قصير مع تغيير وضع الرأس (3)","اضطراب في بلورات الأذن الداخلية يسبب دوارًا دوّاميًا قصيرًا عند تغيير وضع الرأس.","مناورات إعادة البلورات إلى موضعها (مثل مناورة إبلي) يجريها طبيب الأنف والأذن، وهي فعّالة وسريعة.","إذا صاحب الدوارَ ضعفٌ أو خدر في جانب واحد أو صعوبة في الكلام فتلك طوارئ (سكتة دماغية).","اختبار ديكس-هولبايك (Dix-Hallpike) للتشخيص","رنين مغناطيسي على الدماغ (MRI) فقط عند وجود علامات عصبية غير معتادة","","مناورات إعادة البلورات (مثل مناورة إبلي Epley) • تمارين التأهيل الدهليزي (Vestibular rehabilitation)","النهوض من السرير ببطء • الحذر من السقوط عند تحريك الرأس","AAO-HNS Clinical Practice Guideline: Benign Paroxysmal Positional Vertigo (2017 update)","AAO_HNS • AAN • NICE","قيد المراجعة","","","","",""
"الأنف والأذن والحنجرة","ent.tinnitus","طنين الأذن","Tinnitus","H93.1","راجع الطبيب المختص","الجنسان","طنين أو صفير مستمر في الأذن دون ألم (3)","إحساس بصفير أو رنين في الأذن دون مصدر صوت خارجي، ويرتبط غالبًا بالتعرض للضوضاء أو التقدم في العمر.","قياس السمع لدى طبيب الأنف والأذن لتحديد السبب، وأحيانًا سماعات أو علاج بالتعوّد.","","تخطيط السمع (Audiometry) • قياس ضغط الأذن الوسطى (Tympanometry)","رنين مغناطيسي (MRI) عند طنين في أذن واحدة أو مع فقدان سمع غير متماثل","","سماعات الأذن عند وجود ضعف سمع • العلاج المعرفي السلوكي (CBT) للطنين المزعج • العلاج بالصوت وبرامج التعوّد","تجنب الضوضاء العالية واستعمال واقيات الأذن • استخدام أصوات خلفية هادئة عند النوم","NICE NG155 Tinnitus: assessment and management (2020)","NICE • AAO_HNS","قيد المراجعة","","","","",""
"الأنف والأذن والحنجرة","ent.sshl","فقدان السمع الحسي العصبي المفاجئ","Sudden sensorineural hearing loss","H91.2","فحص عاجل خلال 24 ساعة","الجنسان","فقدان مفاجئ للسمع في أذن واحدة (3) • طنين أو صفير مستمر في الأذن دون ألم (1)","نقص مفاجئ في السمع في أذن واحدة غالبًا بسبب مشكلة في الأذن الداخلية أو العصب السمعي.","فحص لدى طبيب الأنف والأذن خلال 24–72 ساعة؛ فالعلاج المبكر بالكورتيزون يزيد فرصة استعادة السمع.","","تخطيط السمع (Audiometry) لتأكيد النوع الحسي العصبي • قياس ضغط الأذن الوسطى (Tympanometry)","رنين مغناطيسي على قناة الأذن الداخلية (MRI) لاستبعاد الأسباب الأخرى","الكورتيكوستيرويدات الفموية: prednisolone — بوصفة طبية فقط؛ تبدأ مبكرًا بقرار الطبيب • الكورتيكوستيرويدات بالحقن داخل الطبلة: dexamethasone — لدى طبيب الأنف والأذن فقط","فحص عاجل لدى طبيب الأنف والأذن خلال أيام • سماعات أو زراعة قوقعة إذا بقي فقدان السمع","عدم تأجيل المراجعة وعدم انتظار التحسن التلقائي","AAO-HNS Clinical Practice Guideline: Sudden Hearing Loss (2019 update)","AAO_HNS • NICE • WHO_EML","قيد المراجعة","","","","",""
"الأنف والأذن والحنجرة","ent.septum","انحراف الحاجز الأنفي","Deviated septum","J34.2","راجع الطبيب المختص","الجنسان","صعوبة مزمنة في التنفس من فتحة أنف واحدة (3) • انسداد مستمر في الأنف مع إفرازات (1)","اعوجاج في الحاجز الفاصل بين فتحتي الأنف يعيق التنفس من جانب واحد.","بخاخات لتخفيف الاحتقان مؤقتًا، وجراحة تعديل الحاجز إذا أثّر في النوم والتنفس.","","","أشعة مقطعية على الجيوب الأنفية (CT) عند التخطيط للجراحة","بخاخ كورتيزون أنفي عند وجود التهاب مرافق: mometasone, fluticasone, budesonide — بحسب إرشاد الطبيب • بخاخات مزيلة للاحتقان لفترة قصيرة: xylometazoline, oxymetazoline — لا تتجاوز بضعة أيام لتجنب الاحتقان الارتدادي","التنظير الأنفي (Nasal endoscopy) • جراحة تعديل الحاجز الأنفي (Septoplasty)","غسول الأنف بالمحلول الملحي","AAO-HNS Clinical Consensus Statement: Septoplasty with or without Inferior Turbinate Reduction","AAO_HNS • WHO_EML","قيد المراجعة","","","","",""
"الأنف والأذن والحنجرة","ent.allergicrhinitis","التهاب الأنف التحسسي","Allergic rhinitis","J30.4","رعاية منزلية ومتابعة","الجنسان","عطس متكرر وحكة الأنف وسيلان مائي موسمي أو مع الغبار (3) • انسداد مستمر في الأنف مع إفرازات (1)","حساسية في بطانة الأنف من الغبار أو حبوب اللقاح أو الحيوانات تسبب عطسًا وحكة وسيلانًا.","تجنّب المسببات، ومضادات الهيستامين، وبخاخ الكورتيزون الأنفي بانتظام، والغسول الملحي.","","اختبار وخز الجلد للحساسية (Skin prick test) • الأجسام المضادة النوعية (Specific IgE)","","بخاخ كورتيزون أنفي: mometasone, fluticasone, budesonide — يُستعمل بانتظام للفعالية • مضادات الهيستامين غير المنومة: loratadine, cetirizine — للأطفال: الجرعة حسب العمر والوزن • بخاخات مضادة للهيستامين أنفية: azelastine","العلاج المناعي للحساسية (Immunotherapy) للحالات الشديدة لدى المختص","تجنب المسببات كالغبار وحبوب اللقاح • غسول الأنف بالمحلول الملحي • إغلاق النوافذ في مواسم حبوب اللقاح","ARIA (Allergic Rhinitis and its Impact on Asthma) guidelines","AAAAI • AAO_HNS • WHO_EML","قيد المراجعة","","","","",""
"الأنف والأذن والحنجرة","ent.epistaxis","رعاف الأنف","Epistaxis","R04.0","رعاية منزلية ومتابعة","الجنسان","نزيف من الأنف (3)","نزيف الأنف، وأغلبه من الجزء الأمامي ويتوقف بالضغط، ويزيده الجفاف والضغط المرتفع وأدوية السيولة.","اجلس مائلًا للأمام واضغط على الجزء اللين من الأنف 10–15 دقيقة. النزيف الأطول من 20 دقيقة أو الغزير يستدعي الطوارئ.","","صورة دم كاملة (CBC) للنزيف الغزير أو المتكرر • اختبارات التخثر (PT/INR) لمن يتناول مميعات الدم","","مضادات النزف الموضعية أو الوريدية: tranexamic acid — بوصفة طبية فقط؛ بقرار الطبيب • مراهم أنفية مطهرة لمنع التكرار: chlorhexidine + neomycin — بوصفة طبية فقط","الكي الكيميائي بنترات الفضة لمصدر النزيف • حشو الأنف (Nasal packing) للنزيف المستمر • ربط الأوعية جراحيًا للحالات النادرة المستعصية","الجلوس مع الميل للأمام والضغط على الجزء اللين من الأنف 10–15 دقيقة • عدم الاستلقاء أو إمالة الرأس للخلف • الطوارئ إذا استمر النزيف أكثر من 20 دقيقة","AAO-HNS Clinical Practice Guideline: Nosebleed (Epistaxis) (2020)","AAO_HNS • NICE","قيد المراجعة","","","","",""
"الأنف والأذن والحنجرة","ent.laryngitis","التهاب الحنجرة","Laryngitis","J04.0","رعاية منزلية ومتابعة","الجنسان","بحة في الصوت (3)","التهاب الحبال الصوتية بسبب عدوى أو إجهاد الصوت، فيسبب بحة مؤقتة.","إراحة الصوت وشرب السوائل والبخار. البحة التي تتجاوز ثلاثة أسابيع تحتاج إلى منظار حنجرة.","","","","مسكنات: paracetamol, ibuprofen","تنظير الحنجرة (Laryngoscopy) إذا استمرت البحة أكثر من 3 أسابيع • علاج النطق (Voice therapy) للبحة المزمنة","إراحة الصوت وتجنب الهمس والصراخ • شرب السوائل واستنشاق البخار • الإقلاع عن التدخين","AAO-HNS Clinical Practice Guideline: Hoarseness (Dysphonia) (2018 update)","AAO_HNS • NICE","قيد المراجعة","","","","",""
"الأنف والأذن والحنجرة","ent.otitisexterna","التهاب الأذن الخارجية (أذن السبّاح)","Otitis externa","H60.9","راجع الطبيب المختص","الجنسان","ألم في الأذن يزداد عند لمس صيوانها بعد السباحة (3) • ألم في الأذن (1)","التهاب قناة الأذن الخارجية بعد السباحة أو استخدام أعواد التنظيف، ويزداد الألم عند لمس الأذن.","قطرات مضاد حيوي يصفها الطبيب، وإبقاء الأذن جافة، وتجنّب أعواد القطن.","","مزرعة إفرازات الأذن للحالات المتكررة أو غير المستجيبة","","قطرات أذن مضاد حيوي مع أو بدون كورتيزون: ciprofloxacin, ofloxacin — بوصفة طبية فقط • قطرات أذن حمضية: acetic acid • مسكنات: paracetamol, ibuprofen","تنظيف قناة الأذن لدى الطبيب • فتيلة أذن (Ear wick) عند تورم القناة الشديد","إبقاء الأذن جافة أثناء الاستحمام • تجنب أعواد القطن والسباحة حتى الشفاء","AAO-HNS Clinical Practice Guideline: Acute Otitis Externa (2014)","AAO_HNS • NICE • WHO_EML","قيد المراجعة","","","","",""
"الأنف والأذن والحنجرة","ent.wax","انسداد الأذن بالشمع","Impacted cerumen","H61.2","رعاية منزلية ومتابعة","الجنسان","انسداد الأذن وضعف السمع التدريجي دون ألم (3)","تراكم شمع الأذن حتى يسدّ القناة فيسبب ثقلًا وضعفًا في السمع.","قطرات تليين الشمع لعدة أيام ثم الغسيل لدى الطبيب. لا تستخدم أعواد القطن داخل الأذن.","","","","قطرات تليين الشمع: sodium bicarbonate ear drops, olive oil — لا تُستعمل مع ثقب طبلة الأذن","غسل الأذن بالماء (Irrigation) لدى الطبيب • الشفط الدقيق تحت المجهر (Microsuction)","عدم إدخال أعواد القطن داخل الأذن • قطرات تليين الشمع عدة أيام قبل التنظيف","NICE NG98 Hearing loss in adults (earwax management) (2018)","NICE • AAO_HNS","قيد المراجعة","","","","",""
"الأنف والأذن والحنجرة","ent.polyps","لحميات الأنف","Nasal polyps","J33.9","راجع الطبيب المختص","الجنسان","انسداد مزمن في فتحتي الأنف مع فقدان الشم (3)","زوائد حميدة في بطانة الأنف والجيوب ترتبط بالحساسية والربو، فتسبب انسدادًا وفقدان الشم.","بخاخ كورتيزون أنفي وأحيانًا أقراص، وجراحة بالمنظار للحالات الكبيرة.","","","أشعة مقطعية على الجيوب الأنفية (CT)","بخاخ أو قطرات كورتيزون أنفي: mometasone, fluticasone, budesonide — يُستعمل بانتظام طويل الأمد • كورتيكوستيرويدات فموية لفترة قصيرة: prednisolone — بوصفة طبية فقط","التنظير الأنفي (Nasal endoscopy) • جراحة الجيوب بالمنظار (FESS) لإزالة الزوائد","غسول الأنف بالمحلول الملحي","EPOS 2020: European Position Paper on Rhinosinusitis and Nasal Polyps","AAO_HNS • NICE • WHO_EML","قيد المراجعة","","","","",""
"الأنف والأذن والحنجرة","ent.headneckca","أعراض تستدعي استبعاد ورم الحنجرة أو الرقبة","Head and neck cancer warning signs","R49.0","فحص عاجل خلال 24 ساعة","الجنسان","بحة مستمرة أكثر من 3 أسابيع أو كتلة في الرقبة لدى مدخن (3)","البحة المستمرة أو الكتلة في الرقبة لدى المدخن تستوجب فحصًا بالمنظار، وهذا ليس تشخيصًا.","منظار حنجرة وفحص الرقبة لدى طبيب الأنف والأذن خلال أيام.","","خزعة من الآفة (Biopsy) للتحليل النسيجي • فحص فيروس الورم الحليمي (HPV/p16) لأورام البلعوم الفموي","أشعة مقطعية أو رنين مغناطيسي على الرقبة (CT/MRI) • تصوير مقطعي بالإصدار البوزيتروني (PET-CT) لتحديد المرحلة • موجات فوق صوتية على الرقبة مع خزعة إبرية (FNA)","","منظار الحنجرة والبلعوم (Laryngoscopy) • الجراحة أو العلاج الإشعاعي أو الكيميائي حسب المرحلة بقرار فريق الأورام","الإقلاع عن التدخين والكحول","NICE NG36 Cancer of the upper aerodigestive tract (2016)","NICE • NCCN • AAO_HNS","قيد المراجعة","","","","",""
"الجلدية والشعر","skin.anaphylaxis","التأق (الصدمة التحسسية)","Anaphylaxis","T78.2","طوارئ فورًا","الجنسان","تورّم الشفتين أو اللسان مع صعوبة في التنفس (3) • انتفاخات حمراء مثيرة للحكة تظهر وتختفي بسرعة (2)","تفاعل تحسسي شديد وسريع يؤثر في التنفس والدورة الدموية.","إسعاف فوري 123، واستخدم قلم الإبينفرين (الأدرينالين) في الفخذ إن كان متاحًا.","تورّم الوجه أو الحلق مع صعوبة التنفس يستدعي الطوارئ.","مستوى إنزيم التريبتاز في الدم (Mast cell tryptase)","","الأدرينالين بالحقن العضلي: epinephrine — الدواء الأول والأهم؛ تُعطى في المستشفى أو بقلم الطوارئ • محاليل وريدية: sodium chloride 0.9% — تُعطى في المستشفى • موسعات الشعب الهوائية للأزيز: salbutamol — تُعطى في المستشفى • مضادات الهيستامين والكورتيزون كعلاج مساعد: chlorphenamine, hydrocortisone — تُعطى في المستشفى بعد الأدرينالين","مراقبة في المستشفى عدة ساعات بعد النوبة • وصف قلم أدرينالين وتدريب على استعماله • إحالة لاختصاصي الحساسية لتحديد المسبب","الاتصال بالإسعاف 123 فورًا • حقن قلم الأدرينالين في الفخذ إن كان متاحًا • الاستلقاء مع رفع الساقين، أو الجلوس عند صعوبة التنفس","World Allergy Organization Anaphylaxis Guidance 2020","WHO_EML • AAAAI • NICE","قيد المراجعة","","","","",""
"الجلدية والشعر","skin.melanoma","شامة مشتبه بها (لاستبعاد الورم الميلانيني)","Melanoma","D48.5","فحص عاجل خلال 24 ساعة","الجنسان","شامة تغيّر لونها أو حجمها أو حوافها (3)","تغيّر الشامة في اللون أو الحجم أو الشكل قد يكون علامة مبكرة لسرطان الجلد، وهذا ليس تشخيصًا.","فحص لدى طبيب الجلدية بالمنظار الجلدي خلال أيام، وقد تُستأصل الشامة لتحليلها. الاكتشاف المبكر يجعل نسب الشفاء مرتفعة جدًا.","قاعدة ABCDE: عدم التناظر، حواف غير منتظمة، تعدد الألوان، قطر أكبر من 6 مم، تغيّر مستمر.","خزعة استئصالية للشامة مع تحليل نسيجي (Excisional biopsy) • فحص الطفرات الجينية مثل (BRAF) للحالات المتقدمة","فحص بالمنظار الجلدي (Dermoscopy) • خزعة العقدة الليمفاوية الحارسة (Sentinel node) حسب السماكة • أشعة مقطعية أو (PET-CT) للحالات المتقدمة","العلاج المناعي للحالات المتقدمة: nivolumab, pembrolizumab — لدى طبيب الأورام فقط","استئصال جراحي واسع بهامش أمان • متابعة دورية لفحص الجلد","واقٍ شمسي وتجنب الشمس وقت الذروة • فحص الجلد ذاتيًا شهريًا لملاحظة تغيّر الشامات (ABCDE)","NICE NG14 Melanoma: assessment and management (2015, updated 2022)","NICE • NCCN • AAD • ESMO","قيد المراجعة","","","","",""
"الجلدية والشعر","skin.eczema","الإكزيما (التهاب الجلد التأتبي)","Eczema","L30.9","رعاية منزلية ومتابعة","الجنسان","حكة مستمرة (3) • جلد جاف متشقق (2) • بقع محددة الشكل (1)","التهاب جلدي مزمن يسبب حكة واحمرارًا وجفافًا، ويرتبط غالبًا بالحساسية.","مرطبات يوميًا بعد الاستحمام، وصابون لطيف، وكريمات كورتيزون موضعية في النوبات تحت إشراف طبيب الجلدية.","","","","المرطبات (المطريات): emollients (e.g. white soft paraffin) — تُستعمل يوميًا حتى بلا أعراض • كورتيكوستيرويدات موضعية: hydrocortisone, betamethasone — بإشراف الطبيب؛ القوة والمدة حسب الموضع والعمر • مثبطات الكالسينيورين الموضعية: tacrolimus, pimecrolimus — بوصفة طبية فقط","العلاج الضوئي (Phototherapy) للحالات المتوسطة والشديدة • علاجات جهازية للحالات الشديدة لدى طبيب الجلدية","ترطيب الجلد بعد الاستحمام مباشرة • استعمال صابون لطيف خالٍ من العطور • تجنب المهيّجات والملابس الصوفية","NICE CG57 Atopic eczema in under 12s; AAD guidelines of care for atopic dermatitis","NICE • AAD • WHO_EML","قيد المراجعة","","","","",""
"الجلدية والشعر","skin.psoriasis","الصدفية","Psoriasis","L40.9","راجع الطبيب المختص","الجنسان","قشور على الجلد (3) • بقع محددة الشكل (2) • حكة مستمرة (1)","مرض مناعي مزمن يسرّع تجدد خلايا الجلد فتتكوّن قشور فضية سميكة.","كريمات موضعية أو علاج ضوئي أو أدوية جهازية حسب الشدة، بمتابعة طبيب الجلدية.","تظهر غالبًا على المرفقين والركبتين وفروة الرأس.","صورة دم كاملة ووظائف الكبد والكلى قبل العلاج الجهازي • فحص السل والتهاب الكبد قبل العلاجات البيولوجية","","كورتيكوستيرويدات موضعية: betamethasone, clobetasol — بإشراف طبيب الجلدية • نظائر فيتامين د الموضعية: calcipotriol • علاج جهازي تقليدي للحالات المتوسطة والشديدة: methotrexate, ciclosporin — بوصفة طبية فقط مع تحاليل دورية؛ ممنوع في الحمل • علاجات بيولوجية للحالات الشديدة: adalimumab — لدى طبيب الجلدية فقط","العلاج الضوئي بالأشعة فوق البنفسجية ضيقة النطاق (NB-UVB) • تقييم التهاب المفاصل الصدفي ومخاطر القلب","ترطيب الجلد بانتظام • الإقلاع عن التدخين وتقليل الكحول • الحفاظ على وزن صحي","NICE CG153 Psoriasis: assessment and management (2012, updated 2017)","NICE • AAD • WHO_EML","قيد المراجعة","","","","",""
"الجلدية والشعر","skin.alopecia","الثعلبة البقعية","Alopecia areata","L63.9","راجع الطبيب المختص","الجنسان","تساقط الشعر في بقع دائرية (3)","مرض مناعي يهاجم فيه الجسم بصيلات الشعر، فيتساقط الشعر في بقع دائرية.","كريمات أو حقن كورتيزون موضعية وأحيانًا علاجات أحدث يحددها طبيب الجلدية، وفي كثير من الحالات يعود الشعر تلقائيًا.","","وظائف الغدة الدرقية (TSH) عند الاشتباه • فحص بالمنظار الجلدي لفروة الرأس (Trichoscopy)","","كورتيكوستيرويدات موضعية أو بالحقن داخل الجلد: clobetasol, triamcinolone — لدى طبيب الجلدية • مثبطات JAK الفموية للحالات الشديدة: baricitinib — بوصفة طبية فقط لدى المختص؛ تحتاج متابعة","مراقبة دون علاج في الحالات البسيطة لاحتمال العودة التلقائية • الدعم النفسي عند الحاجة","حماية فروة الرأس من الشمس • الاستعانة بمجموعات الدعم","British Association of Dermatologists guidelines for the management of alopecia areata","AAD • NICE","قيد المراجعة","","","","",""
"الجلدية والشعر","skin.acne","حب الشباب","Acne","L70.0","رعاية منزلية ومتابعة","الجنسان","حبوب والتهابات مع بشرة دهنية (3) • قشور على الجلد (1)","انسداد المسام بالزيوت والخلايا الميتة فتتكوّن حبوب والتهابات، خاصة في سن المراهقة.","غسول لطيف مرتين يوميًا، ومستحضرات تحتوي على البنزويل بيروكسايد أو الريتينويد. الحالات الشديدة أو التي تترك ندبات تُعالج لدى طبيب الجلدية.","","تحاليل الهرمونات عند وجود علامات زيادة الأندروجين لدى النساء","","بنزويل بيروكسايد موضعي: benzoyl peroxide • الريتينويدات الموضعية: adapalene, tretinoin — تُتجنب في الحمل • مضادات حيوية فموية للحالات المتوسطة (مع علاج موضعي): doxycycline, lymecycline — بوصفة طبية فقط؛ ليست للحامل أو الأطفال دون 12 • الريتينويد الفموي للحالات الشديدة: isotretinoin — لدى طبيب الجلدية فقط؛ ممنوع في الحمل","متابعة لدى طبيب الجلدية للحالات الشديدة أو المسببة للندبات • علاجات الندبات كالتقشير أو الليزر بعد السيطرة","غسل الوجه بغسول لطيف مرتين يوميًا • تجنب عصر الحبوب • استخدام مستحضرات غير مسببة للرؤوس السوداء","NICE NG198 Acne vulgaris: management (2021)","NICE • AAD • WHO_EML","قيد المراجعة","","","","",""
"الجلدية والشعر","skin.urticaria","الشَّرى (الأرتيكاريا)","Hives","L50.9","رعاية منزلية ومتابعة","الجنسان","انتفاخات حمراء مثيرة للحكة تظهر وتختفي بسرعة (3) • حكة مستمرة (2)","تفاعل تحسسي يسبب انتفاخات حمراء مثيرة للحكة تظهر وتختفي خلال ساعات.","مضادات الهيستامين، وتجنّب المسبب (طعام أو دواء أو مجهود). تورّم الشفتين أو صعوبة التنفس يستدعي الطوارئ.","","صورة دم كاملة (CBC) وسرعة الترسيب أو (CRP) للشرى المزمن","","مضادات الهيستامين غير المنومة: cetirizine, loratadine, fexofenadine — قد يرفع الطبيب الجرعة في الحالات المزمنة • كورتيكوستيرويدات فموية لفترة قصيرة في النوبات الشديدة: prednisolone — بوصفة طبية فقط • علاج بيولوجي للشرى المزمن المقاوم: omalizumab — لدى المختص فقط","تحديد المحفزات ومراجعة الأدوية المسببة","تجنب المسبب المعروف • كمادات باردة لتخفيف الحكة • الطوارئ عند تورم الشفتين أو صعوبة التنفس","EAACI/GA²LEN/EuroGuiDerm/APAAACI guideline for urticaria (2022)","NICE • AAAAI • WHO_EML","قيد المراجعة","","","","",""
"الجلدية والشعر","skin.tinea","السَّعفة الجلدية (فطريات الجلد)","Ringworm","B35.4","رعاية منزلية ومتابعة","الجنسان","بقعة دائرية ذات حواف مرتفعة واضحة (3) • حكة مستمرة (1)","عدوى فطرية سطحية تسبب بقعة دائرية حمراء ذات حواف مرتفعة، ولا علاقة لها بالديدان رغم اسمها الشائع.","كريم مضاد للفطريات مدة أسبوعين على الأقل، وأدوية فموية للحالات المنتشرة لدى طبيب الجلدية.","","فحص الكشط الجلدي بهيدروكسيد البوتاسيوم (KOH) والمزرعة الفطرية","","مضادات فطريات موضعية: clotrimazole, miconazole, terbinafine — تُستكمل أسبوعين على الأقل • مضادات فطريات فموية للحالات المنتشرة أو فروة الرأس: terbinafine, griseofulvin — بوصفة طبية فقط؛ للأطفال الجرعة حسب الوزن","","إبقاء المنطقة جافة ونظيفة • عدم مشاركة المناشف والأمشاط • فحص الحيوانات الأليفة عند الاشتباه بالعدوى منها","NICE Clinical Knowledge Summary: Fungal skin infection - body and groin","NICE • AAD • WHO_EML","قيد المراجعة","","","","",""
"الجلدية والشعر","skin.shingles","الحزام الناري (الهربس النطاقي)","Shingles","B02.9","فحص عاجل خلال 24 ساعة","الجنسان","طفح بفقاعات مؤلم على شكل شريط في جانب واحد (3) • حكة مستمرة (1)","إعادة نشاط فيروس الجديري المائي في أحد الأعصاب، فيسبب طفحًا بفقاعات مؤلمًا في جانب واحد.","مضاد للفيروسات خلال أول 72 ساعة يقلل الألم والمضاعفات، فراجع الطبيب سريعًا، وفورًا إذا كان الطفح قرب العين.","","","","مضادات الفيروسات (خلال 72 ساعة): aciclovir, valaciclovir — بوصفة طبية فقط • مسكنات: paracetamol, ibuprofen • أدوية ألم الأعصاب بعد الهربس: amitriptyline, gabapentin, pregabalin — بوصفة طبية فقط","إحالة عاجلة لطبيب العيون إذا أصاب الطفح منطقة العين أو الأنف","تغطية الطفح وعدم حكّه • تجنب ملامسة الحوامل والرضع ومن لم يُصب بالجدري • لقاح الهربس النطاقي للوقاية بعد الخمسين بحسب نصيحة الطبيب","NICE Clinical Knowledge Summary: Shingles","NICE • CDC • WHO_EML","قيد المراجعة","","","","",""
"الجلدية والشعر","skin.scabies","الجرب","Scabies","B86","راجع الطبيب المختص","الجنسان","حكة شديدة ليلًا بين الأصابع والمعصمين تصيب أكثر من فرد في البيت (3) • حكة مستمرة (1)","عدوى بطفيل صغير يحفر تحت الجلد، يسبب حكة شديدة ليلًا وينتقل بالتلامس داخل الأسرة.","كريم البيرميثرين لجميع أفراد البيت في الوقت نفسه ويكرَّر بعد أسبوع، وغسل الملابس والملاءات بماء ساخن.","","فحص مجهري لكشط الجلد عند الشك","","كريم مضاد للجرب: permethrin — يُكرَّر بعد أسبوع لجميع المخالطين معًا • دواء فموي مضاد للطفيليات للحالات الخاصة أو المتقشرة: ivermectin — بوصفة طبية فقط؛ ليس للحامل أو الأطفال الصغار • مضادات الهيستامين لتخفيف الحكة: cetirizine, chlorphenamine","","علاج جميع أفراد المنزل في الوقت نفسه • غسل الملابس والملاءات بماء ساخن أو حفظها في كيس مغلق 3 أيام • الحكة قد تستمر أسابيع بعد العلاج الناجح","CDC Scabies Treatment Guidelines (STI Treatment Guidelines 2021)","WHO • CDC • NICE • WHO_EML","قيد المراجعة","","","","",""
"الجلدية والشعر","skin.impetigo","القوباء (الحصف)","Impetigo","L01.0","راجع الطبيب المختص","الجنسان","قشور صفراء كالعسل حول الأنف والفم لدى طفل (3)","عدوى بكتيرية سطحية شديدة العدوى لدى الأطفال تسبب قشورًا صفراء كالعسل.","مرهم مضاد حيوي أو أقراص للحالات المنتشرة، والنظافة وعدم مشاركة المناشف.","","مزرعة من الآفة للحالات المتكررة أو غير المستجيبة","","مطهرات موضعية للحالات البسيطة: hydrogen peroxide cream • مضاد حيوي موضعي: fusidic acid, mupirocin — بوصفة طبية فقط • مضاد حيوي فموي للحالات المنتشرة: flucloxacillin, cefalexin — بوصفة طبية فقط؛ الجرعة حسب الوزن للأطفال","","غسل الآفات بلطف وتغطيتها • عدم مشاركة المناشف وغسل اليدين • إبقاء الطفل في المنزل حتى تجف القشور أو بعد 48 ساعة من المضاد الحيوي","NICE NG153 Impetigo: antimicrobial prescribing (2020)","NICE • IDSA • WHO_EML","قيد المراجعة","","","","",""
"الجلدية والشعر","skin.vitiligo","البهاق","Vitiligo","L80","راجع الطبيب المختص","الجنسان","بقع بيضاء فاقدة للون تتسع تدريجيًا (3)","فقدان الخلايا الصبغية في مناطق من الجلد فتظهر بقع بيضاء، وهو غير معدٍ.","كريمات موضعية وعلاج ضوئي وأدوية أحدث لدى طبيب الجلدية، والوقاية من الشمس.","","وظائف الغدة الدرقية (TSH) والأجسام المضادة للغدة • فحص بمصباح وود (Wood's lamp)","","كورتيكوستيرويدات موضعية: mometasone, betamethasone — بإشراف طبيب الجلدية • مثبطات الكالسينيورين الموضعية للوجه: tacrolimus, pimecrolimus — بوصفة طبية فقط • مثبطات JAK الموضعية: ruxolitinib cream — لدى طبيب الجلدية فقط","العلاج الضوئي بالأشعة فوق البنفسجية ضيقة النطاق (NB-UVB) • الدعم النفسي عند الحاجة","واقٍ شمسي للمناطق المصابة • مستحضرات التمويه التجميلية عند الرغبة","British Association of Dermatologists guidelines for the management of vitiligo (2021)","AAD • NICE","قيد المراجعة","","","","",""
"الجلدية والشعر","skin.rosacea","الوردية","Rosacea","L71.9","رعاية منزلية ومتابعة","الجنسان","احمرار في الوجه مع بثور وتوسّع الشعيرات يزداد مع الحرارة (3)","احمرار مزمن في الوجه مع بثور وتوسع الشعيرات، يزداد مع الحرارة والأطعمة الحارة والشمس.","تجنّب المحفّزات، وواقٍ شمسي، وكريمات أو أقراص يصفها طبيب الجلدية.","","","","علاجات موضعية: metronidazole, azelaic acid, ivermectin — بوصفة طبية فقط • مضادات حيوية فموية للحالات المتوسطة والشديدة: doxycycline — بوصفة طبية فقط؛ ليست للحامل • قابض موضعي للأوعية لاحمرار الوجه: brimonidine — بوصفة طبية فقط","الليزر أو الضوء النبضي المكثف (IPL) للأوعية الظاهرة • فحص لدى طبيب العيون عند وجود أعراض عينية","تجنب المحفزات كالحرارة والأطعمة الحارة والكحول • واقٍ شمسي يوميًا • منظفات لطيفة خالية من العطور","NICE Clinical Knowledge Summary: Rosacea","NICE • AAD","قيد المراجعة","","","","",""
"الجلدية والشعر","skin.seborrheic","التهاب الجلد الدهني (القشرة)","Seborrheic dermatitis","L21.9","رعاية منزلية ومتابعة","الجنسان","قشرة دهنية صفراء مع احمرار في فروة الرأس وحول الأنف (3)","احمرار وقشور دهنية في فروة الرأس والوجه بسبب تفاعل مع فطر طبيعي على الجلد.","شامبو مضاد للفطريات مرتين أسبوعيًا، وكريم مضاد للفطريات للوجه.","","","","شامبو أو كريم مضاد للفطريات: ketoconazole, ciclopirox, selenium sulfide • كورتيكوستيرويدات موضعية خفيفة لفترة قصيرة: hydrocortisone — بإشراف الطبيب للوجه","","شامبو مضاد للفطريات بانتظام مع تركه دقائق قبل الشطف • تليين القشور بالزيت عند الرضع","NICE Clinical Knowledge Summary: Seborrhoeic dermatitis","NICE • AAD • WHO_EML","قيد المراجعة","","","","",""
"الجلدية والشعر","skin.warts","الثآليل الجلدية (السنط)","Common warts","B07","رعاية منزلية ومتابعة","الجنسان","زوائد جلدية خشنة على اليدين أو القدمين (3)","زوائد جلدية خشنة يسببها فيروس الورم الحليمي، تنتقل بالتلامس.","مستحضرات حمض الساليسيليك، أو الكي بالتبريد لدى طبيب الجلدية، وكثير منها يختفي تلقائيًا.","","","","مستحضرات حمض الساليسيليك الموضعية: salicylic acid — لا تُستعمل على الوجه أو لمرضى السكري دون استشارة","الكي بالتبريد (Cryotherapy) لدى الطبيب • علاجات أخرى لدى طبيب الجلدية للحالات المقاومة","عدم خدش الثآليل أو مشاركة المناشف • انتظار الاختفاء التلقائي خيار مقبول للعديد منها","British Association of Dermatologists guidelines for the management of cutaneous warts (2014)","NICE • AAD • WHO_EML","قيد المراجعة","","","","",""
"الجلدية والشعر","skin.lice","قمل الرأس","Head lice","B85.0","رعاية منزلية ومتابعة","الجنسان","حكة في فروة الرأس مع رؤية القمل أو بيضه (3)","حشرات صغيرة تعيش في فروة الرأس وتنتقل بالتلامس، شائعة بين أطفال المدارس.","شامبو أو لوشن مضاد للقمل يكرَّر بعد 7–10 أيام، والتمشيط بمشط دقيق، وفحص الأسرة.","","","","مستحضرات موضعية مضادة للقمل: dimeticone, permethrin, malathion — يُكرَّر بعد 7–10 أيام؛ للرضّع بإرشاد الطبيب • دواء فموي للحالات المقاومة: ivermectin — بوصفة طبية فقط؛ ليس للأطفال الصغار","","التمشيط بمشط دقيق على شعر مبلل • فحص جميع أفراد الأسرة وعلاج المصابين فقط • غسل أغطية الوسائد والأمشاط بماء ساخن","AAP Clinical Report: Head Lice (2022)","CDC • AAP • NICE • WHO_EML","قيد المراجعة","","","","",""
"الجلدية والشعر","skin.coldsores","هربس الشفة","Herpes labialis","B00.1","رعاية منزلية ومتابعة","الجنسان","فقاعات متكررة على الشفة قبلها وخز (3)","فقاعات متكررة على الشفة يسببها فيروس الهربس البسيط، وتثيرها الحمّى والشمس والتوتر.","كريم مضاد للفيروسات عند أول إحساس بالوخز، وتجنّب التقبيل ومشاركة الأدوات أثناء النوبة.","","","","كريم مضاد للفيروسات: aciclovir — يُبدأ عند أول إحساس بالوخز • مضادات فيروسات فموية للنوبات المتكررة أو الشديدة: aciclovir, valaciclovir — بوصفة طبية فقط","","تجنب التقبيل ومشاركة الأدوات أثناء النوبة • غسل اليدين بعد لمس القرحة • واقٍ شمسي للشفاه إذا كانت الشمس محفّزة","NICE Clinical Knowledge Summary: Herpes simplex - oral","NICE • AAD • WHO_EML","قيد المراجعة","","","","",""
"الجلدية والشعر","skin.melasma","الكلف","Melasma","L81.1","رعاية منزلية ومتابعة","إناث فقط","تصبّغات بنية على الوجنتين والجبهة (3)","تصبّغات بنية على الوجه ترتبط بالهرمونات (الحمل وحبوب منع الحمل) والشمس.","واقٍ شمسي يوميًا، وكريمات مفتّحة يصفها طبيب الجلدية، والتقشير أو الليزر بحذر.","","فحص بمصباح وود (Wood's lamp) لتحديد عمق التصبغ","","مفتحات موضعية: hydroquinone, azelaic acid — بوصفة طبية؛ تُتجنب في الحمل • الريتينويدات الموضعية: tretinoin — ممنوعة في الحمل • حمض الترانيكساميك الفموي للحالات المقاومة: tranexamic acid — بوصفة طبية فقط؛ تقييم خطر الجلطات","التقشير الكيميائي أو الليزر بحذر لدى طبيب الجلدية • مراجعة حبوب منع الحمل الهرمونية مع الطبيبة","واقٍ شمسي واسع الطيف يوميًا ويُجدَّد • قبعة واسعة وتجنب الشمس وقت الذروة","American Academy of Dermatology guidance on melasma","AAD","قيد المراجعة","","","","",""
"الجلدية والشعر","skin.hyperhidrosis","فرط التعرّق","Hyperhidrosis","R61","رعاية منزلية ومتابعة","الجنسان","تعرّق مفرط في الكفين أو الإبطين (3)","تعرّق زائد عن حاجة الجسم في الكفين أو الإبطين أو القدمين يؤثر في الحياة اليومية.","مضادات تعرّق قوية (كلوريد الألومنيوم)، والرحلان الشاردي، وحقن البوتوكس، وفحص الغدة الدرقية والسكر.","","وظائف الغدة الدرقية (TSH) • سكر الدم الصائم أو الهيموجلوبين السكري (HbA1c) عند التعرق المعمم","","مضادات التعرق القوية الموضعية: aluminium chloride hexahydrate • مضادات الكولين الفموية للحالات المعممة: oxybutynin, glycopyrronium — بوصفة طبية فقط؛ قد تسبب جفاف الفم","الرحلان الشاردي بماء الصنبور (Iontophoresis) لليدين والقدمين • حقن ذيفان البوتولينوم (Botulinum toxin) تحت الإبط • قطع العصب الودي الصدري جراحيًا للحالات النادرة المستعصية","ملابس قطنية فضفاضة وجوارب ماصة • استعمال مضاد التعرق ليلًا على جلد جاف","NICE Clinical Knowledge Summary: Hyperhidrosis","NICE • AAD","قيد المراجعة","","","","",""
"الجلدية والشعر","skin.burn","الحروق","Burns","T30.0","راجع الطبيب المختص","الجنسان","حرق في الجلد (3)","تُصنّف الحروق في درجات: الأولى احمرار، والثانية فقاعات، والثالثة جلد أبيض أو أسود قليل الإحساس.","برّد الحرق بماء جارٍ فاتر 20 دقيقة وغطّه بشاش نظيف. حروق الوجه أو اليدين أو الأعضاء التناسلية أو الكبيرة أو الدرجة الثالثة تستدعي الطوارئ.","","صورة دم كاملة وأملاح الدم للحروق الكبيرة","","مسكنات: paracetamol, ibuprofen • كريم مضاد للبكتيريا للحروق: silver sulfadiazine — بوصفة طبية؛ لا يُستعمل للرضّع حديثي الولادة أو الحامل في آخر الحمل • الوقاية من الكزاز: tetanus toxoid — حسب حالة التطعيم","تقييم عمق الحرق ومساحته • تنظيف الحرق وتضميده بضمادات مناسبة • إحالة لمركز حروق للحروق الكبيرة أو العميقة • ترقيع جلدي للحروق العميقة","تبريد الحرق بماء جارٍ فاتر 20 دقيقة • تغطيته بشاش نظيف أو غلاف بلاستيكي دون شد • عدم وضع الثلج أو معجون الأسنان أو الزبدة","NICE Clinical Knowledge Summary: Burns and scalds","WHO • NICE • WHO_EML","قيد المراجعة","","","","",""
"الجلدية والشعر","skin.hairloss","تساقط الشعر الوراثي أو المنتشر","Androgenetic / diffuse hair loss","L64.9","رعاية منزلية ومتابعة","الجنسان","تساقط شعر منتشر أو تراجع خط الشعر (3)","تراجع خط الشعر أو خفّته الوراثي، أو تساقط منتشر بعد الضغط النفسي أو المرض أو الولادة أو نقص الحديد.","تحاليل الحديد والغدة الدرقية وفيتامين د، والمينوكسيديل الموضعي، وأدوية أو زراعة لدى طبيب الجلدية.","","مخزون الحديد (Ferritin) وصورة دم كاملة (CBC) • وظائف الغدة الدرقية (TSH) • فيتامين د (25-OH Vitamin D) • تحاليل الهرمونات لدى النساء عند الاشتباه","","المينوكسيديل الموضعي: minoxidil — يحتاج أشهر لظهور النتيجة؛ ليس للحامل • مثبطات إنزيم 5-ألفا ريدكتاز للرجال: finasteride — بوصفة طبية فقط؛ للرجال فقط وتتجنبه النساء الحوامل","فحص بالمنظار الجلدي لفروة الرأس (Trichoscopy) • زراعة الشعر للحالات المناسبة","نظام غذائي متوازن غني بالبروتين والحديد • تجنب الشد المستمر للشعر والحرارة الزائدة","European Dermatology Forum (EDF) S3 guideline for androgenetic alopecia","AAD • ENDO","قيد المراجعة","","","","",""
"الصحة النفسية","mental.anxiety","اضطراب القلق العام","Generalized anxiety disorder","F41.1","راجع الطبيب المختص","الجنسان","قلق وتوتر معظم الوقت (3) • اضطراب في النوم (1) • صعوبة في التركيز (1)","قلق مفرط ومستمر يؤثر في الحياة اليومية، لا مجرد توتر عابر.","العلاج المعرفي السلوكي فعّال جدًا، وأحيانًا أدوية يحددها الطبيب النفسي.","","هرمون الغدة الدرقية (TSH) لاستبعاد سبب عضوي • صورة دم كاملة (CBC)","","مثبطات استرداد السيروتونين الانتقائية (SSRIs): sertraline, escitalopram — بوصفة طبية فقط؛ يظهر أثرها بعد أسابيع ولا تُوقف فجأة • مثبطات استرداد السيروتونين والنورأدرينالين (SNRIs): venlafaxine, duloxetine — بوصفة طبية فقط؛ لا تُوقف فجأة","العلاج المعرفي السلوكي (CBT) • المساعدة الذاتية الموجّهة • تدريب على الاسترخاء التطبيقي","نشاط بدني منتظم • تقليل الكافيين • تمارين التنفس البطيء","NICE CG113 Generalised anxiety disorder and panic disorder in adults: management (2011, updated)","NICE • WHO_MHGAP • WFSBP","قيد المراجعة","","","","",""
"الصحة النفسية","mental.panic","اضطراب الهلع","Panic disorder","F41.0","راجع الطبيب المختص","الجنسان","نوبات خوف مفاجئة مع خفقان وضيق تنفس (3) • قلق وتوتر معظم الوقت (1)","نوبات مفاجئة من خوف شديد مع أعراض جسدية كالخفقان وضيق التنفس، تبلغ ذروتها خلال دقائق.","العلاج المعرفي السلوكي وتمارين التنفس، وأحيانًا أدوية. يجب استبعاد أمراض القلب عند النوبة الأولى.","إذا كانت المرة الأولى أو صاحبها ألم صدر فافحص القلب أولًا.","تخطيط القلب الكهربائي (ECG) عند النوبة الأولى • هرمون الغدة الدرقية (TSH) وسكر الدم","","مثبطات استرداد السيروتونين الانتقائية (SSRIs): sertraline, escitalopram, paroxetine — بوصفة طبية فقط؛ يظهر أثرها بعد أسابيع ولا تُوقف فجأة","العلاج المعرفي السلوكي (CBT) • المساعدة الذاتية الموجّهة","تمارين التنفس البطيء أثناء النوبة • تقليل الكافيين والمنبهات","NICE CG113 Generalised anxiety disorder and panic disorder in adults: management (2011, updated)","NICE • APA • WFSBP","قيد المراجعة","","","","",""
"الصحة النفسية","mental.depression","الاكتئاب","Depression","F32.9","راجع الطبيب المختص","الجنسان","مزاج مكتئب أو فقدان الاستمتاع لأكثر من أسبوعين (3) • اضطراب في النوم (2) • صعوبة في التركيز (1) • أفكار عن إيذاء النفس أو أن الحياة بلا قيمة (2)","اضطراب مستمر في المزاج يؤثر في التفكير والطاقة والاهتمام بالحياة.","علاج نفسي ودعم، ومضادات الاكتئاب في الحالات المتوسطة والشديدة. الاكتئاب مرض قابل للعلاج وليس ضعفًا.","","استبيان تقييم الاكتئاب (PHQ-9) • هرمون الغدة الدرقية (TSH) • صورة دم كاملة (CBC) وفيتامين ب12","","مثبطات استرداد السيروتونين الانتقائية (SSRIs): fluoxetine, sertraline, escitalopram — بوصفة طبية فقط؛ لا تُوقف فجأة، وراجع الطبيب فورًا عند أفكار إيذاء النفس","العلاج المعرفي السلوكي (CBT) • التنشيط السلوكي (Behavioural activation) • العلاج النفسي بين الأشخاص (IPT)","نشاط بدني منتظم • الحفاظ على التواصل مع الأهل والأصدقاء • مواعيد نوم منتظمة","NICE NG222 Depression in adults: treatment and management (2022)","NICE • WHO_MHGAP • APA • WHO_EML","قيد المراجعة","","","","",""
"الصحة النفسية","mental.insomnia","الأرق المزمن","Insomnia","F51.0","رعاية منزلية ومتابعة","الجنسان","اضطراب في النوم (3) • صعوبة في التركيز (1)","صعوبة مزمنة في النوم أو الاستمرار فيه لأكثر من ثلاثة أشهر.","عادات نوم صحية (مواعيد ثابتة، والابتعاد عن الشاشات والكافيين)، والعلاج المعرفي السلوكي للأرق هو الخيار الأفضل.","","دراسة النوم (Polysomnography) عند الاشتباه بانقطاع النفس أثناء النوم","","","العلاج المعرفي السلوكي للأرق (CBT-I) • مراجعة الأدوية والمنبهات المسببة للأرق","مواعيد نوم واستيقاظ ثابتة يوميًا • الابتعاد عن الشاشات والكافيين مساءً • مغادرة السرير عند عدم القدرة على النوم","European Insomnia Guideline 2023 (European Sleep Research Society)","NICE • APA","قيد المراجعة","","","","",""
"الصحة النفسية","mental.bipolar","الاضطراب الوجداني ثنائي القطب","Bipolar disorder","F31.9","راجع الطبيب المختص","الجنسان","فترات نشاط مفرط واندفاع تتناوب مع فترات اكتئاب (3) • مزاج مكتئب أو فقدان الاستمتاع لأكثر من أسبوعين (1) • اضطراب في النوم (1)","اضطراب مزاجي يتناوب فيه الشخص بين فترات نشاط وحماس مفرطين وفترات اكتئاب.","أدوية مثبّتة للمزاج وعلاج نفسي بمتابعة الطبيب النفسي.","","وظائف الغدة الدرقية (TSH) • وظائف الكلى (Creatinine, eGFR) • سكر الدم ودهون الدم (HbA1c, Lipid profile) • مستوى الليثيوم في الدم عند استخدامه","","مثبتات المزاج: lithium, valproic acid — بوصفة طبية فقط؛ تحتاج متابعة تحاليل؛ يُتجنب الفالبروات لمن قد تحمل • مضادات الذهان الحديثة: quetiapine, olanzapine, aripiprazole, risperidone — بوصفة طبية فقط؛ متابعة الوزن والسكر","التثقيف النفسي للمريض وأسرته حول المرض وعلامات الانتكاس • علاج نفسي منظم مثل العلاج المعرفي السلوكي (CBT) أو العلاج الأسري • دخول المستشفى عند نوبة هوس شديدة أو خطر إيذاء النفس","الالتزام بمواعيد نوم منتظمة • تجنب الكحول والمخدرات • عدم إيقاف الدواء دون استشارة الطبيب","NICE CG185 Bipolar disorder: assessment and management (2014, updated)","NICE • APA • WHO_MHGAP • WHO_EML","قيد المراجعة","","","","",""
"الصحة النفسية","mental.ocd","اضطراب الوسواس القهري","Obsessive-compulsive disorder","F42.9","راجع الطبيب المختص","الجنسان","أفكار ملحّة متكررة مع أفعال تكررها لتخفيف القلق (3) • قلق وتوتر معظم الوقت (1)","أفكار مزعجة متكررة (وساوس) تدفع إلى أفعال متكررة (أفعال قهرية) لتخفيف القلق.","علاج سلوكي متخصص (التعرّض ومنع الاستجابة) وأحيانًا أدوية.","","","","مثبطات استرداد السيروتونين الانتقائية (SSRIs): fluoxetine, sertraline, fluvoxamine, escitalopram — بوصفة طبية فقط؛ يظهر أثرها بعد أسابيع • مضادات الاكتئاب ثلاثية الحلقات: clomipramine — بوصفة طبية فقط؛ خيار لاحق عند عدم الاستجابة","العلاج المعرفي السلوكي مع التعرّض ومنع الاستجابة (ERP)","مقاومة الأفعال القهرية تدريجيًا بحسب خطة المعالج • تجنب البحث المتكرر عن الطمأنة","NICE CG31 Obsessive-compulsive disorder and body dysmorphic disorder: treatment (2005)","NICE • APA • WHO_EML","قيد المراجعة","","","","",""
"الصحة النفسية","mental.ptsd","اضطراب ما بعد الصدمة","Post-traumatic stress disorder","F43.1","راجع الطبيب المختص","الجنسان","ذكريات أو كوابيس متكررة عن حدث صادم (3) • اضطراب في النوم (1) • قلق وتوتر معظم الوقت (1)","أعراض تظهر بعد حدث صادم: ذكريات اقتحامية، وتجنّب، وفرط يقظة.","علاج نفسي متخصص في الصدمات، وأحيانًا أدوية مساعدة.","","","","مضادات الاكتئاب (SSRIs/SNRIs): sertraline, paroxetine, venlafaxine — بوصفة طبية فقط؛ ليست بديلًا عن العلاج النفسي","العلاج المعرفي السلوكي المركّز على الصدمة (TF-CBT) • علاج إزالة التحسس وإعادة المعالجة بحركة العين (EMDR)","الحفاظ على روتين يومي ونوم منتظم • تجنب الكحول والمهدئات غير الموصوفة • طلب المساعدة العاجلة عند أفكار إيذاء النفس","NICE NG116 Post-traumatic stress disorder (2018)","NICE • APA • WHO_MHGAP • WHO_EML","قيد المراجعة","","","","",""
"الصحة النفسية","mental.psychosis","الذهان (فقدان الصلة بالواقع)","Psychosis","F29","فحص عاجل خلال 24 ساعة","الجنسان","سماع أصوات أو رؤية أشياء لا يراها الآخرون أو أفكار اضطهاد غريبة (3)","اضطراب يفقد فيه الشخص صلته بالواقع، بهلاوس أو أفكار غير واقعية، ومن أسبابه الفصام والاضطراب ثنائي القطب والمخدرات.","تقييم نفسي عاجل؛ الأدوية المضادة للذهان فعّالة، والعلاج المبكر يحسّن النتائج كثيرًا. خطر إيذاء النفس أو الآخرين يستدعي الطوارئ.","","صورة دم كاملة (CBC) • سكر الدم ودهون الدم (HbA1c, Lipid profile) • فحص المخدرات في البول (Urine drug screen) • وظائف الغدة الدرقية والكلى والكبد","رنين مغناطيسي على الدماغ (MRI) عند وجود علامات عصبية أو أعراض غير نمطية","مضادات الذهان: risperidone, olanzapine, aripiprazole, haloperidol — بوصفة طبية فقط؛ متابعة الوزن والسكر والآثار الجانبية الحركية","تقييم نفسي عاجل وتقدير خطر إيذاء النفس أو الآخرين • التحويل إلى خدمة التدخل المبكر في الذهان • العلاج المعرفي السلوكي للذهان (CBTp) والتدخل الأسري • دخول المستشفى عند الخطر الشديد","الاتصال بالرقم 123 فورًا عند وجود خطر إيذاء النفس أو الآخرين • الامتناع عن المخدرات والكحول","NICE CG178 Psychosis and schizophrenia in adults: prevention and management (2014)","NICE • APA • WHO_MHGAP • WHO_EML","قيد المراجعة","","","","",""
"الصحة النفسية","mental.anorexia","فقدان الشهية العصبي","Anorexia nervosa","F50.0","فحص عاجل خلال 24 ساعة","الجنسان","تقييد شديد للأكل أو خوف من زيادة الوزن رغم النحافة (3)","اضطراب أكل يتمثل في تقييد الطعام بشدة مع خوف مرضي من زيادة الوزن، وقد يهدد الحياة.","تقييم طبي ونفسي متخصص، وخطة تغذية علاجية، وعلاج نفسي أسري. الإغماء أو اضطراب النبض طوارئ.","","الأملاح: البوتاسيوم والفوسفات والمغنيسيوم (Electrolytes) • صورة دم كاملة (CBC) وسكر الدم • وظائف الكلى والكبد • تخطيط القلب الكهربائي (ECG)","قياس كثافة العظام (DEXA) عند طول مدة المرض","","علاج نفسي متخصص لاضطرابات الأكل (CBT-ED) • العلاج الأسري للأطفال والمراهقين (FBT) • خطة تغذية علاجية بإشراف أخصائي تغذية مع مراقبة متلازمة إعادة التغذية • دخول المستشفى عند انخفاض شديد في الوزن أو اضطراب النبض أو الأملاح","التوجه للطوارئ أو الاتصال بالرقم 123 عند الإغماء أو اضطراب النبض","NICE NG69 Eating disorders: recognition and treatment (2017, updated 2020)","NICE • APA","قيد المراجعة","","","","",""
"الصحة النفسية","mental.bulimia","الشره العصبي ونوبات الأكل القهري","Bulimia / binge eating","F50.2","راجع الطبيب المختص","الجنسان","نوبات أكل كثير جدًا يعقبها تقيؤ متعمد أو شعور بالذنب (3)","نوبات أكل مفرط فقدان سيطرة يتبعها تقيؤ متعمد أو صيام أو شعور بالذنب.","العلاج المعرفي السلوكي فعّال، وأحيانًا أدوية، مع متابعة الأملاح والأسنان.","","الأملاح خاصة البوتاسيوم (Electrolytes) • وظائف الكلى (Creatinine)","","مثبطات استرداد السيروتونين الانتقائية (SSRIs): fluoxetine — بوصفة طبية فقط؛ مساعد للعلاج النفسي وليس بديلًا عنه","العلاج المعرفي السلوكي لاضطرابات الأكل (CBT-ED) • برنامج مساعدة ذاتية موجَّه • فحص الأسنان ومتابعة تآكل المينا","تناول وجبات منتظمة وعدم تخطيها • تجنب الوزن المتكرر والحميات القاسية","NICE NG69 Eating disorders: recognition and treatment (2017, updated 2020)","NICE • APA • WHO_EML","قيد المراجعة","","","","",""
"الصحة النفسية","mental.addiction","الإدمان واضطراب تعاطي المواد","Substance use disorder","F19.2","راجع الطبيب المختص","الجنسان","اعتماد على مادة (مخدر، كحول، حبوب) مع عدم القدرة على التوقف (3)","الاعتماد على مادة مخدرة أو كحول أو أدوية مع عجز عن التوقف رغم الضرر، وهو مرض قابل للعلاج.","علاج سري لدى طبيب نفسي أو مراكز علاج الإدمان، وسحب آمن تحت إشراف طبي، وعلاج نفسي ودعم مستمر. الخط الساخن لعلاج الإدمان في مصر 16023.","","فحص المخدرات في البول (Urine drug screen) • وظائف الكبد (LFTs) • فحص فيروسات الكبد B وC وفيروس نقص المناعة (HBV, HCV, HIV)","","العلاج البديل لإدمان الأفيونات: methadone, buprenorphine — بوصفة طبية فقط وتحت إشراف برنامج علاجي مختص • أدوية منع الانتكاس في إدمان الكحول: naltrexone, acamprosate — بوصفة طبية فقط • البنزوديازيبينات لأعراض انسحاب الكحول: diazepam — بوصفة طبية فقط وتحت إشراف طبي لفترة قصيرة","سحب السموم تحت إشراف طبي عند الحاجة • المقابلة التحفيزية والعلاج المعرفي السلوكي (CBT) • مجموعات الدعم والتأهيل النفسي والاجتماعي","عدم التوقف المفاجئ عن الكحول أو المهدئات دون إشراف طبي • الاتصال بالرقم 123 عند الاشتباه بجرعة زائدة","WHO mhGAP Intervention Guide version 2.0 (2016)","WHO_MHGAP • NICE • APA • WHO_EML","قيد المراجعة","","","","",""
"الصحة النفسية","mental.socialanxiety","الرهاب الاجتماعي","Social anxiety disorder","F40.1","راجع الطبيب المختص","الجنسان","خوف شديد من المواقف الاجتماعية والتحدث أمام الآخرين (3) • قلق وتوتر معظم الوقت (1)","خوف شديد من المواقف الاجتماعية والتقييم من الآخرين يؤدي إلى تجنّبها.","العلاج المعرفي السلوكي والتعرّض التدريجي، وأدوية مساعدة عند الحاجة.","","","","مثبطات استرداد السيروتونين الانتقائية (SSRIs): sertraline, escitalopram — بوصفة طبية فقط؛ عند تفضيلها أو عدم الاستجابة للعلاج النفسي","العلاج المعرفي السلوكي الفردي المخصص للقلق الاجتماعي (CBT)","مواجهة المواقف الاجتماعية تدريجيًا • تجنب الاعتماد على الكحول لتخفيف القلق","NICE CG159 Social anxiety disorder: recognition, assessment and treatment (2013)","NICE • APA • WHO_EML","قيد المراجعة","","","","",""
"الصحة النفسية","mental.ppd","اكتئاب ما بعد الولادة","Postpartum depression","F53.0","فحص عاجل خلال 24 ساعة","إناث فقط","حزن شديد وبكاء وعدم الاهتمام بالطفل بعد الولادة (3) • مزاج مكتئب أو فقدان الاستمتاع لأكثر من أسبوعين (1)","اكتئاب يصيب بعض الأمهات في الأسابيع أو الأشهر الأولى بعد الولادة، وهو أشد وأطول من «كآبة النفاس» العابرة.","تقييم لدى طبيب نفسي أو طبيبة النساء، وعلاج نفسي وأدوية آمنة مع الرضاعة، ودعم الأسرة. أفكار إيذاء النفس أو الطفل طوارئ.","","وظائف الغدة الدرقية (TSH) • صورة دم كاملة (CBC) للكشف عن فقر الدم","","مثبطات استرداد السيروتونين الانتقائية (SSRIs): sertraline — بوصفة طبية فقط؛ يختار الطبيب الدواء الملائم للرضاعة","العلاج المعرفي السلوكي (CBT) أو العلاج النفسي البينشخصي (IPT) • تقييم نفسي عاجل عند أفكار إيذاء النفس أو الطفل","طلب المساعدة من الأسرة في رعاية الطفل لأخذ قسط من النوم • الاتصال بالرقم 123 فورًا عند أفكار إيذاء النفس أو الطفل","NICE CG192 Antenatal and postnatal mental health: clinical management and service guidance (2014)","NICE • ACOG • WHO_MHGAP • WHO_EML","قيد المراجعة","","","","",""
"الصحة النفسية","mental.smoking","الاعتماد على النيكوتين","Nicotine dependence","F17.2","رعاية منزلية ومتابعة","الجنسان","إدمان التدخين والرغبة في الإقلاع (3)","إدمان النيكوتين في السجائر والشيشة والسجائر الإلكترونية، وهو أهم سبب يمكن منعه للأمراض والوفاة.","تحديد موعد للإقلاع، وبدائل النيكوتين (لصقات أو علكة) أو أدوية يصفها الطبيب، وعيادات الإقلاع عن التدخين.","","","","العلاج ببدائل النيكوتين: nicotine replacement therapy — لصقات أو علكة؛ استشر الطبيب في الحمل وأمراض القلب • أدوية الإقلاع عن التدخين: varenicline, bupropion — بوصفة طبية فقط","دعم سلوكي واستشارات الإقلاع عن التدخين","تحديد موعد للإقلاع والتخلص من السجائر • تجنب المحفزات مثل القهوة مع التدخين في البداية • الاستعانة بخط مساعدة الإقلاع","NICE NG209 Tobacco: preventing uptake, promoting quitting and treating dependence (2021)","NICE • WHO • WHO_EML","قيد المراجعة","","","","",""
"طب الأسنان","dental.caries","تسوّس الأسنان","Tooth decay","K02.9","راجع الطبيب المختص","الجنسان","حساسية للساخن والبارد (3) • ألم في السن عند المضغ (2)","تآكل تدريجي في طبقة المينا بفعل أحماض البكتيريا الناتجة عن السكريات.","حشو الجزء المتسوّس، وعلاج العصب في الحالات المتقدمة لدى طبيب الأسنان.","","","أشعة الأسنان الصغيرة (Bitewing / Periapical X-ray)","فلورايد موضعي (ورنيش أو معجون عالي التركيز): sodium fluoride — يحدده طبيب الأسنان حسب العمر • مسكنات: paracetamol, ibuprofen","حشو الجزء المتسوس • علاج عصب السن (Root canal) للحالات المتقدمة • خلع السن إذا تعذر إصلاحه • سدّ الشقوق (Fissure sealants) للأطفال","التفريش مرتين يوميًا بمعجون يحتوي على الفلورايد • تقليل السكريات والمشروبات المحلاة • زيارة طبيب الأسنان دوريًا","ADA (American Dental Association) clinical practice guideline on nonrestorative treatments for carious lesions (2018)","ADA_DENTAL • WHO • WHO_EML","قيد المراجعة","","","","",""
"طب الأسنان","dental.gingivitis","التهاب اللثة","Gingivitis","K05.1","رعاية منزلية ومتابعة","الجنسان","نزيف أو تورّم في اللثة (3)","التهاب في اللثة بسبب تراكم البكتيريا والجير، وهو المرحلة الأولى من أمراض اللثة.","تنظيف الجير لدى طبيب الأسنان، والتفريش مرتين يوميًا واستخدام خيط الأسنان.","","","","غسول فم مطهر لفترة قصيرة: chlorhexidine — قد يسبب تصبغ الأسنان مع الاستعمال الطويل","تنظيف الجير والتلميع لدى طبيب الأسنان (Scaling) • تقييم أمراض اللثة العميقة (Periodontitis)","التفريش مرتين يوميًا لمدة دقيقتين • استخدام خيط الأسنان أو الفرش بين الأسنان يوميًا • الإقلاع عن التدخين","EFP S3 Level Clinical Practice Guideline for the treatment of periodontitis stages I–III (2020)","ADA_DENTAL • NICE • WHO_EML","قيد المراجعة","","","","",""
"طب الأسنان","dental.abscess","خُراج الأسنان","Dental abscess","K04.7","فحص عاجل خلال 24 ساعة","الجنسان","تورّم في الوجه أو الخد (3) • ألم في السن عند المضغ (2) • حُمّى مع تورّم الوجه أو صعوبة في البلع (3)","تجمّع صديدي ناتج عن عدوى بكتيرية في جذر السن أو اللثة، يسبب ألمًا شديدًا وتورّمًا.","فحص أسنان عاجل لتصريف الخراج وعلاج العصب أو الخلع، ومضاد حيوي وفق الطبيب. التورّم المتزايد مع الحمّى أو صعوبة البلع يستدعي الطوارئ.","تورّم الوجه مع ألم شديد يحتاج إلى تدخل عاجل.","","أشعة الأسنان (Periapical X-ray) أو بانوراما (OPG) • أشعة مقطعية (CT) عند امتداد التورم للرقبة","مسكنات: paracetamol, ibuprofen • مضادات حيوية عند انتشار العدوى أو الحمى: amoxicillin, phenoxymethylpenicillin, metronidazole — بوصفة طبية فقط؛ لا تغني عن علاج السن","تصريف الخراج لدى طبيب الأسنان • علاج عصب السن (Root canal) أو خلع السن • دخول المستشفى عند صعوبة البلع أو التنفس","المضمضة بماء مالح دافئ • الطوارئ عند تورم متزايد مع حمى أو صعوبة بلع أو تنفس","ADA (American Dental Association) guideline on antibiotic use for dental pain and swelling (2019)","ADA_DENTAL • NICE • WHO_EML","قيد المراجعة","","","","",""
"طب الأسنان","dental.tmj","اضطراب المفصل الصدغي الفكي","Temporomandibular joint disorder","K07.6","رعاية منزلية ومتابعة","الجنسان","ألم أو طقطقة في مفصل الفك (3) • ألم في السن عند المضغ (1)","خلل في المفصل الذي يصل الفك بالجمجمة، يسبب ألمًا وطقطقة عند المضغ أو فتح الفم.","إراحة الفك، وطعام لين، وكمادات، وواقٍ ليلي إذا وُجد صرير أسنان.","","","أشعة بانوراما للفك (OPG) • رنين مغناطيسي على مفصل الفك (MRI) للحالات المستمرة","مسكنات ومضادات الالتهاب غير الستيرويدية: ibuprofen, paracetamol — لفترات قصيرة","واقٍ ليلي للأسنان (Occlusal splint) • العلاج الطبيعي لعضلات الفك • العلاج المعرفي السلوكي (CBT) لإدارة التوتر والألم المزمن","إراحة الفك وتناول طعام لين • كمادات دافئة أو باردة على الفك • تجنب العلكة وفتح الفم على اتساعه","NICE Clinical Knowledge Summary: Temporomandibular disorders","ADA_DENTAL • NICE","قيد المراجعة","","","","",""
"طب الأسنان","dental.pericoronitis","التهاب ضرس العقل","Pericoronitis","K05.2","راجع الطبيب المختص","الجنسان","ألم وتورّم خلف آخر ضرس مع صعوبة فتح الفم (3)","التهاب اللثة المحيطة بضرس العقل الذي لم يكتمل بزوغه.","مضمضة بماء دافئ مالح وتنظيف المنطقة، ومضاد حيوي عند الحاجة، وقد يلزم خلع الضرس.","","","أشعة سينية بانورامية للفكين (OPG)","مسكنات الألم: ibuprofen, paracetamol • غسول فموي مطهر: chlorhexidine • مضادات حيوية عند انتشار العدوى: amoxicillin, metronidazole — بوصفة طبية فقط؛ عند وجود تورم أو حرارة","تنظيف المنطقة تحت غطاء اللثة وغسلها • إزالة غطاء اللثة أو خلع ضرس العقل عند التكرار","المضمضة بماء دافئ مالح عدة مرات يوميًا • تنظيف المنطقة بلطف بالفرشاة","NICE TA1 Guidance on the extraction of wisdom teeth (2000)","NICE • ADA_DENTAL • WHO_EML","قيد المراجعة","","","","",""
"طب الأسنان","dental.drysocket","التهاب السنخ الجاف","Dry socket","K10.3","راجع الطبيب المختص","الجنسان","ألم شديد بعد خلع سن بيومين أو ثلاثة (3)","فقدان الجلطة الحامية في مكان الخلع فيظهر ألم شديد بعد يومين إلى ثلاثة.","مراجعة طبيب الأسنان لتنظيف المكان ووضع ضماد مسكّن، وتجنّب التدخين والشفط بالمصاصة.","","","أشعة سينية على مكان الخلع عند الاشتباه ببقايا جذر أو عظم","مسكنات الألم: ibuprofen, paracetamol • غسول فموي مطهر: chlorhexidine","غسل السنخ بمحلول ملحي وإزالة البقايا • وضع ضماد مسكّن داخل السنخ (Alveolar dressing)","تجنّب التدخين والشفط بالمصاصة • المضمضة بماء دافئ مالح بلطف بعد الوجبات","SDCEP Drug Prescribing for Dentistry guidance","ADA_DENTAL • WHO_EML","قيد المراجعة","","","","",""
"طب الأسنان","dental.aphthous","قرح الفم القلاعية","Aphthous ulcers","K12.0","رعاية منزلية ومتابعة","الجنسان","قرح صغيرة مؤلمة متكررة داخل الفم (3)","قرح صغيرة مؤلمة متكررة داخل الفم تلتئم خلال أسبوعين، وتثيرها الإصابات والتوتر ونقص الفيتامينات.","جل أو غسول موضعي مسكّن، وتجنّب الأطعمة الحارة. التكرار الكثير يستدعي فحص الحديد وب12.","","صورة دم كاملة (CBC) عند تكرار القرح • مخزون الحديد (Ferritin) وفيتامين ب12 وحمض الفوليك • أجسام مضادة لمرض السيلياك (tTG-IgA) عند الاشتباه","","غسول فموي مطهر: chlorhexidine • مضاد التهاب موضعي للفم: benzydamine • كورتيكوستيرويد موضعي للفم: hydrocortisone — بوصفة طبية؛ للأطفال باستشارة الطبيب","","تجنّب الأطعمة الحارة والحمضية والمقرمشة • استخدام فرشاة ناعمة ومعجون خالٍ من SLS","NICE CKS Aphthous ulcer","NICE • WHO_EML","قيد المراجعة","","","","",""
"طب الأسنان","dental.thrush","فطريات الفم","Oral thrush","B37.0","رعاية منزلية ومتابعة","الجنسان","بقع بيضاء تُزال بالمسح داخل الفم (3)","عدوى فطرية تسبب بقعًا بيضاء في الفم، أشيع لدى الرضع ومستخدمي بخاخات الكورتيزون ومرضى السكري.","جل أو غسول مضاد للفطريات، ومضمضة الفم بعد بخاخ الكورتيزون.","","مسحة فطرية من الفم عند عدم الاستجابة للعلاج • سكر الدم أو الهيموجلوبين السكري (HbA1c) عند التكرار","","مضاد فطريات موضعي: miconazole, nystatin — الميكونازول يتداخل مع الوارفارين؛ للرضع بإرشاد الطبيب • مضاد فطريات فموي للحالات الشديدة: fluconazole — بوصفة طبية فقط","","المضمضة بالماء بعد بخاخ الكورتيزون • تنظيف طقم الأسنان ونزعه ليلًا • تعقيم حلمات الرضّاعة واللهايات","IDSA Clinical Practice Guideline for the Management of Candidiasis (2016)","IDSA • NICE • WHO_EML","قيد المراجعة","","","","",""
"طب الأسنان","dental.bruxism","صرير الأسنان","Bruxism","F45.8","رعاية منزلية ومتابعة","الجنسان","صرير الأسنان ليلًا مع ألم الفك صباحًا (3)","ضغط الأسنان أو صريرها أثناء النوم غالبًا بسبب التوتر، فيسبب ألم الفك وتآكل الأسنان.","واقٍ ليلي للأسنان، وإدارة التوتر، وتجنّب الكافيين مساءً.","","","","","واقٍ ليلي للأسنان (Occlusal splint) يصنعه طبيب الأسنان • العلاج المعرفي السلوكي وإدارة التوتر (CBT) • تقييم اضطرابات النوم كانقطاع النفس النومي عند الاشتباه","تجنّب الكافيين والكحول مساءً • كمادات دافئة وتمارين إرخاء الفك","International consensus on the assessment of bruxism (Lobbezoo et al., 2018)","ADA_DENTAL","قيد المراجعة","","","","",""
"طب الأسنان","dental.periodontitis","التهاب دواعم السن","Periodontitis","K05.3","راجع الطبيب المختص","الجنسان","تخلخل الأسنان وتراجع اللثة ورائحة فم (3) • نزيف أو تورّم في اللثة (1)","مرحلة متقدمة من أمراض اللثة يتآكل فيها العظم الداعم فتتخلخل الأسنان، وترتبط بالسكري.","تنظيف عميق لجذور الأسنان لدى طبيب اللثة، والعناية اليومية، وضبط السكر.","","الهيموجلوبين السكري (HbA1c) لاكتشاف السكري أو تقييم ضبطه","أشعة سينية للأسنان (Periapical / Bitewing)","غسول فموي مطهر: chlorhexidine — لفترة قصيرة؛ قد يصبغ الأسنان • مضادات حيوية مساعدة للحالات المتقدمة: amoxicillin, metronidazole — بوصفة طبية فقط؛ ليست روتينية","تقليح الجذور وكشطها (Scaling and root planing) • جراحة اللثة للجيوب العميقة عند عدم الاستجابة • متابعة دورية لدى طبيب اللثة كل 3-6 أشهر","تفريش الأسنان مرتين يوميًا وتنظيف ما بينها بالخيط • الإقلاع عن التدخين","EFP S3 level clinical practice guideline for the treatment of periodontitis stage I-III (2020)","ADA_DENTAL • WHO_EML","قيد المراجعة","","","","",""
"طب الأسنان","dental.oralca","أعراض تستدعي استبعاد سرطان الفم","Oral cancer warning signs","K13.7","فحص عاجل خلال 24 ساعة","الجنسان","قرحة في الفم لا تلتئم خلال 3 أسابيع أو بقعة حمراء أو بيضاء ثابتة (3)","القرحة التي لا تلتئم خلال ثلاثة أسابيع أو البقعة البيضاء أو الحمراء الثابتة تحتاج إلى فحص وعينة، وهذا ليس تشخيصًا.","فحص لدى طبيب الفم أو الأنف والأذن خلال أيام، والإقلاع عن التدخين والشيشة.","","خزعة من الآفة (Biopsy) للفحص النسيجي","أشعة مقطعية أو رنين مغناطيسي للرأس والرقبة (CT/MRI) بعد التأكيد • تصوير مقطعي بالإصدار البوزيتروني (PET-CT) لتحديد المرحلة","","فحص شامل للفم والرقبة لدى جراح الفم أو طبيب الأنف والأذن • إحالة عاجلة لفريق أورام الرأس والرقبة عند تأكيد الإصابة • الاستئصال الجراحي أو العلاج الإشعاعي حسب المرحلة","الإقلاع عن التدخين ومضغ التبغ والكحول","NICE NG12 Suspected cancer: recognition and referral","NICE • NCCN","قيد المراجعة","","","","",""
"الغدد الصماء والسكري","endocrine.prediabetes","مقدمات السكري","Prediabetes","R73.0","راجع الطبيب المختص","الجنسان","سكر صائم بين 100 و125 أو تراكمي بين 5.7% و6.4% (3) • تغيّر غير مبرَّر في الوزن (1)","سكر أعلى من الطبيعي ولم يبلغ حد السكري: صائم 100–125 ملغم/دل أو تراكمي 5.7–6.4% (معايير الجمعية الأمريكية للسكري ADA). مرحلة قابلة للعكس.","إنقاص 5–7% من الوزن، و150 دقيقة نشاط أسبوعيًا، وتقليل السكريات والنشويات المكررة يمنع أو يؤخر تحوّلها إلى سكري بنسبة كبيرة. أعد التحليل سنويًا.","","الهيموجلوبين السكري (HbA1c) • سكر الدم الصائم (FPG) • اختبار تحمل الجلوكوز الفموي (OGTT) • دهون الدم (Lipid profile)","","بيغوانيدات لذوي الخطورة العالية: metformin — بوصفة طبية فقط؛ ليست لكل المرضى","برنامج منظم لتغيير نمط الحياة وإنقاص الوزن 5-7% • فحص سنوي للسكر","150 دقيقة أسبوعيًا من النشاط البدني المعتدل • تقليل السكريات والمشروبات المحلاة","ADA Standards of Care in Diabetes 2025 (Section 3: Prevention or Delay of Diabetes)","ADA • NICE • WHO_EML","قيد المراجعة","","","","",""
"الغدد الصماء والسكري","endocrine.diabetes","داء السكري من النوع الثاني","Type 2 diabetes","E11.9","راجع الطبيب المختص","الجنسان","سكر صائم 126 فأكثر أو تراكمي 6.5% فأكثر أو عشوائي 200 فأكثر (3) • عطش شديد وكثرة التبول (2) • تنميل في القدمين أو جروح بطيئة الالتئام (1) • تعب وإرهاق مستمر (1) • تغيّر غير مبرَّر في الوزن (1)","ارتفاع مزمن في سكر الدم بسبب مقاومة الإنسولين ونقصه التدريجي، وهو أشيع الأنواع (نحو 90%). يُشخَّص بصائم 126 فأكثر أو تراكمي 6.5% فأكثر في تحليلين، أو عشوائي 200 فأكثر مع الأعراض.","نظام غذائي ورياضة وإنقاص الوزن، والميتفورمين غالبًا أول دواء، مع أدوية أخرى أو إنسولين حسب الحالة. الهدف المعتاد: تراكمي أقل من 7%، وفحص سنوي للعين والكلى والقدمين.","التحليل هو ما يؤكد التشخيص. استخدم «حاسبة المراحل» لمعرفة درجة السكر من قراءاتك.","الهيموجلوبين السكري (HbA1c) • وظائف الكلى ونسبة الألبومين في البول (eGFR, UACR) • دهون الدم (Lipid profile) • وظائف الكبد (LFT)","تصوير قاع العين (Retinal screening) لاعتلال الشبكية السكري","بيغوانيدات (الخط الأول غالبًا): metformin — بوصفة طبية فقط • مثبطات SGLT2: empagliflozin, dapagliflozin — بوصفة طبية فقط؛ مفيدة خاصة لمرضى القلب والكلى • منبهات مستقبلات GLP-1: semaglutide, liraglutide — بوصفة طبية فقط • ستاتينات لحماية القلب: atorvastatin — بوصفة طبية فقط","برنامج تثقيف ودعم ذاتي لمرضى السكري (DSMES) • فحص سنوي للقدمين والعينين والكلى","قياس السكر في المنزل حسب خطة الطبيب • غذاء متوازن ونشاط بدني منتظم","ADA Standards of Care in Diabetes 2025","ADA • NICE • WHO_EML","قيد المراجعة","","","","",""
"الغدد الصماء والسكري","endocrine.t1dm","داء السكري من النوع الأول","Type 1 diabetes","E10.9","فحص عاجل خلال 24 ساعة","الجنسان","فقدان وزن سريع مع عطش شديد في سن صغيرة (طفل أو شاب) (3) • عطش شديد وكثرة التبول (3) • سكر صائم 126 فأكثر أو تراكمي 6.5% فأكثر أو عشوائي 200 فأكثر (1)","مرض مناعي يدمّر خلايا البنكرياس المنتجة للإنسولين، ويظهر غالبًا في الطفولة أو الشباب بأعراض سريعة.","يحتاج إلى إنسولين مدى الحياة منذ التشخيص، مع تثقيف وقياس منتظم. ابدأ التقييم سريعًا لتجنّب الحماض الكيتوني.","","سكر الدم والهيموجلوبين السكري (HbA1c) • الكيتونات في الدم أو البول • أجسام مضادة ذاتية للبنكرياس (GAD, IA-2) • الببتيد سي (C-peptide)","","إنسولين قاعدي وسريع المفعول: insulin glargine, insulin aspart, insulin (human) — بوصفة طبية فقط؛ الجرعات يحددها الطبيب • علاج هبوط السكر الشديد: glucagon — للطوارئ بإرشاد الطبيب","برنامج تثقيف منظم لحساب الكربوهيدرات وضبط الإنسولين • المراقبة المستمرة للجلوكوز (CGM) أو مضخة الإنسولين عند الملاءمة • فحص سنوي للعينين والكلى والقدمين","عدم إيقاف الإنسولين أبدًا حتى أثناء المرض • حمل مصدر سكر سريع دائمًا","NICE NG17 Type 1 diabetes in adults: diagnosis and management (2015, updated)","ADA • NICE • WHO_EML","قيد المراجعة","","","","",""
"الغدد الصماء والسكري","endocrine.dka","الحماض الكيتوني السكري","Diabetic ketoacidosis","E14.1","طوارئ فورًا","الجنسان","قيء وألم بطن وتنفس سريع ورائحة نفس كالفاكهة مع سكر مرتفع جدًا (3) • عطش شديد وكثرة التبول (2)","مضاعفة خطيرة لنقص الإنسولين تتراكم فيها الأحماض الكيتونية في الدم، وتهدد الحياة.","طوارئ فورًا: محاليل وريدية وإنسولين وتعويض أملاح في المستشفى. لا تنتظر في البيت.","","غازات الدم (Blood gases) ودرجة الحموضة • الكيتونات في الدم (Beta-hydroxybutyrate) • الأملاح والبوتاسيوم ووظائف الكلى (U&E) • سكر الدم كل ساعة","أشعة سينية على الصدر (CXR) عند الاشتباه بعدوى محفزة","سوائل وريدية: sodium chloride 0.9% — تُعطى في المستشفى • إنسولين وريدي: insulin (human) — تُعطى في المستشفى بمراقبة دقيقة • تعويض البوتاسيوم: potassium chloride — تُعطى في المستشفى","الإدخال إلى المستشفى وغالبًا العناية المركزة • مراقبة متكررة للسكر والأملاح والحموضة • علاج السبب المحفز كالعدوى أو إيقاف الإنسولين","الاتصال بالإسعاف (123) فورًا","ADA/EASD/JBDS/AACE/DTS consensus report: Hyperglycemic Crises in Adults With Diabetes (2024)","ADA • NICE • WHO_EML","قيد المراجعة","","","","",""
"الغدد الصماء والسكري","endocrine.gdm","سكري الحمل","Gestational diabetes","O24.4","راجع الطبيب المختص","إناث فقط","ارتفاع السكر في تحليل منحنى السكر أثناء الحمل (3)","ارتفاع السكر الذي يُكتشف أثناء الحمل (غالبًا بين الأسبوعين 24 و28)، ويزول عادة بعد الولادة لكنه يرفع خطر السكري لاحقًا.","نظام غذائي مخصص وقياس منزلي منتظم، وإنسولين إذا لزم، ومتابعة مشتركة بين طبيب النساء والغدد. أعيدي التحليل بعد الولادة بستة إلى اثني عشر أسبوعًا.","","اختبار تحمل الجلوكوز الفموي (OGTT) بين الأسبوعين 24 و28 • قياس السكر المنزلي صائمًا وبعد الوجبات","موجات فوق صوتية لمتابعة نمو الجنين (Ultrasound)","إنسولين: insulin (human) — بوصفة طبية فقط؛ آمن في الحمل • بيغوانيدات: metformin — بوصفة طبية فقط؛ بقرار طبيب النساء","تعديل الغذاء بإشراف أخصائي تغذية • متابعة مكثفة للحمل وتحديد موعد الولادة • فحص السكر بعد 6-13 أسبوعًا من الولادة ثم سنويًا","المشي الخفيف بعد الوجبات إن سمح الطبيب","NICE NG3 Diabetes in pregnancy: management from preconception to the postnatal period (2015, updated)","NICE • ADA • ACOG • WHO_EML","قيد المراجعة","","","","",""
"الغدد الصماء والسكري","endocrine.diabeticfoot","القدم السكرية","Diabetic foot ulcer","E11.5","فحص عاجل خلال 24 ساعة","الجنسان","جرح أو تقرّح في القدم لا يلتئم أو يتغيّر لونه (3) • تنميل في القدمين أو جروح بطيئة الالتئام (2)","تقرّح أو التهاب في قدم مريض السكري بسبب ضعف الأعصاب والدورة الدموية، وقد يتطور بسرعة إن أُهمل.","فحص عاجل لدى طبيب القدم السكرية أو الجراحة: تنظيف الجرح وتخفيف الضغط عليه وضبط السكر ومضاد حيوي عند الالتهاب. السواد أو الرائحة أو الحمّى تستدعي الطوارئ.","","صورة دم كاملة ومؤشرات الالتهاب (CBC, CRP) • مزرعة من عمق الجرح (Tissue culture) • الهيموجلوبين السكري (HbA1c)","أشعة سينية على القدم لاستبعاد التهاب العظم • رنين مغناطيسي (MRI) عند الاشتباه بالتهاب العظم • دوبلر للشرايين ومؤشر الكاحل-العضد (ABI)","مضادات حيوية عند وجود عدوى: amoxicillin+clavulanic acid, flucloxacillin, clindamycin — بوصفة طبية فقط؛ حسب شدة العدوى والمزرعة","تنظيف الجرح وإزالة الأنسجة الميتة (Debridement) • تخفيف الضغط عن القدم بجبيرة أو حذاء خاص (Offloading) • تقييم لدى فريق القدم السكرية وجراحة الأوعية عند ضعف التروية","فحص القدمين يوميًا وعدم المشي حافيًا • عدم الضغط على القرحة والحفاظ على نظافتها","IWGDF/IDSA Guidelines on the diagnosis and treatment of diabetes-related foot infections (2023)","IDSA • NICE • WHO_EML","قيد المراجعة","","","","",""
"الغدد الصماء والسكري","endocrine.hypoglycemia","انخفاض سكر الدم","Hypoglycemia","E16.2","فحص عاجل خلال 24 ساعة","الجنسان","تعرّق ورعشة وجوع مفاجئ يتحسن بتناول السكر (3)","هبوط سكر الدم دون المعدل الطبيعي، ويحدث غالبًا لمرضى السكري الذين يتناولون الإنسولين أو بعض الأقراص.","تناول 15 جرامًا من السكر السريع (نصف كوب عصير) وإعادة القياس بعد 15 دقيقة. فقدان الوعي يستدعي الإسعاف. راجع الطبيب لتعديل جرعات العلاج.","","قياس سكر الدم بالإصبع فورًا • مراجعة أدوية السكر وجرعاتها","","جلوكوز سريع (إذا كان الوعي سليمًا): glucose • جلوكوز وريدي أو جلوكاجون (عند فقدان الوعي): glucose, glucagon — يعطيه المسعف أو مرافق مدرَّب","تعديل خطة الإنسولين أو أدوية السلفونيل يوريا • تثقيف المريض وأسرته حول علامات الهبوط وعلاجه","تناول 15 غرامًا من سكر سريع ثم إعادة القياس بعد 15 دقيقة • عند فقدان الوعي لا يُعطى شيء بالفم، واتصل بالإسعاف (123)","ADA Standards of Care in Diabetes 2025 (Section 6: Glycemic Goals and Hypoglycemia)","ADA • WHO_EML","قيد المراجعة","","","","",""
"الغدد الصماء والسكري","endocrine.hypothyroid","قصور الغدة الدرقية","Hypothyroidism","E03.9","راجع الطبيب المختص","الجنسان","الشعور الدائم بالبرد مع إمساك وجفاف الجلد وزيادة الوزن (3) • تعب وإرهاق مستمر (2) • تغيّر غير مبرَّر في الوزن (1)","نقص هرمونات الغدة الدرقية فتتباطأ وظائف الجسم.","تحليل TSH للتأكيد، والعلاج قرص هرموني يومي مع متابعة دورية.","","الهرمون المنبه للدرقية (TSH) • هرمون الثيروكسين الحر (Free T4) • أجسام مضادة للدرقية (Anti-TPO)","","هرمون الغدة الدرقية التعويضي: levothyroxine — بوصفة طبية فقط؛ يؤخذ على معدة فارغة","إعادة قياس TSH بعد 6-8 أسابيع من بدء العلاج أو تعديله","عدم أخذ الحديد أو الكالسيوم مع دواء الغدة في الوقت نفسه","NICE NG145 Thyroid disease: assessment and management (2019)","ATA • NICE • WHO_EML","قيد المراجعة","","","","",""
"الغدد الصماء والسكري","endocrine.hyperthyroid","فرط نشاط الغدة الدرقية","Hyperthyroidism","E05.9","راجع الطبيب المختص","الجنسان","خفقان مع فقدان الوزن رغم زيادة الشهية (3) • رعشة في اليدين وتعرّق زائد وعدم تحمّل الحر (3) • تغيّر غير مبرَّر في الوزن (1)","زيادة هرمونات الغدة الدرقية فتتسارع وظائف الجسم.","تحليل TSH وT4 للتأكيد، والعلاج أدوية أو يود مشع أو جراحة حسب الحالة.","عكس القصور: فقدان وزن رغم الأكل، وخفقان، ورعشة.","الهرمون المنبه للدرقية (TSH) • هرمونا الغدة الحران (Free T4, Free T3) • أجسام مضادة لمستقبلات TSH (TRAb) • صورة دم كاملة (CBC) أثناء العلاج","موجات فوق صوتية للغدة الدرقية • مسح ذري للغدة الدرقية (Thyroid scintigraphy)","مضادات الغدة الدرقية: carbimazole, methimazole, propylthiouracil — بوصفة طبية فقط؛ راجع الطبيب فورًا عند الحمى أو التهاب الحلق • حاصرات بيتا لتخفيف الأعراض: propranolol — بوصفة طبية فقط","العلاج باليود المشع (Radioactive iodine) • استئصال الغدة الدرقية جراحيًا عند الحاجة","","2016 ATA Guidelines for Diagnosis and Management of Hyperthyroidism and Other Causes of Thyrotoxicosis","ATA • NICE • WHO_EML","قيد المراجعة","","","","",""
"الغدد الصماء والسكري","endocrine.addison","قصور الغدة الكظرية","Adrenal insufficiency","E27.1","فحص عاجل خلال 24 ساعة","الجنسان","اسمرار غير طبيعي في الجلد مع إرهاق شديد (3) • تعب وإرهاق مستمر (2) • تغيّر غير مبرَّر في الوزن (1)","نقص هرمون الكورتيزول من الغدة الكظرية، وهو نادر لكنه خطير إذا تأخر تشخيصه.","تحاليل هرمونية عاجلة، وتعويض هرموني مدى الحياة. القيء الشديد أو الإغماء يستدعي الطوارئ.","اسمرار الجلد مع إرهاق شديد وفقدان الوزن يستلزم تقييمًا عاجلًا.","الكورتيزول الصباحي في الدم • اختبار تحفيز ACTH (Synacthen test) • الأملاح (الصوديوم والبوتاسيوم) • مستوى ACTH والرينين","أشعة مقطعية على الغدد الكظرية (CT) حسب السبب","كورتيكوستيرويد تعويضي: hydrocortisone — بوصفة طبية فقط؛ لا يُوقف فجأة • منيرالوكورتيكويد: fludrocortisone — بوصفة طبية فقط","تعليم قواعد زيادة الجرعة وقت المرض (Sick day rules) • حمل بطاقة طوارئ وحقنة هيدروكورتيزون للطوارئ","عدم إيقاف الدواء أبدًا، والتوجه للطوارئ عند القيء أو الإغماء","Endocrine Society Clinical Practice Guideline: Diagnosis and Treatment of Primary Adrenal Insufficiency (2016)","ENDO • WHO_EML","قيد المراجعة","","","","",""
"الغدد الصماء والسكري","endocrine.cushing","متلازمة كوشينغ","Cushing syndrome","E24.9","راجع الطبيب المختص","الجنسان","زيادة وزن في البطن والوجه مع خطوط بنفسجية وضعف العضلات (3)","ارتفاع مزمن في هرمون الكورتيزول، غالبًا بسبب أدوية الكورتيزون أو ورم في الغدة النخامية أو الكظرية.","تحاليل كورتيزول خاصة لدى طبيب الغدد، ومراجعة جرعات الكورتيزون (دون إيقافه فجأة)، وعلاج السبب.","","الكورتيزول الحر في بول 24 ساعة • الكورتيزول في اللعاب ليلًا • اختبار تثبيط الديكساميثازون الليلي • مستوى ACTH في الدم","رنين مغناطيسي للغدة النخامية (MRI) • أشعة مقطعية على الغدد الكظرية (CT)","","مراجعة أدوية الكورتيزون وتخفيضها تدريجيًا إن كانت هي السبب • استئصال الورم جراحيًا في النخامية أو الكظرية حسب السبب","","Endocrine Society Clinical Practice Guideline: Treatment of Cushing's Syndrome (2015)","ENDO","قيد المراجعة","","","","",""
"الغدد الصماء والسكري","endocrine.goiter","تضخّم الغدة الدرقية والعُقد الدرقية","Goiter / thyroid nodule","E04.9","راجع الطبيب المختص","الجنسان","تضخّم أو عقدة ملحوظة في مقدمة الرقبة (3)","تضخّم الغدة الدرقية أو ظهور عقد فيها، ومعظم العقد حميدة لكن بعضها يحتاج إلى عينة.","تحليل TSH وموجات صوتية على الرقبة، وعينة بالإبرة للعقد المشتبهة. صعوبة البلع أو التنفس أو بحة الصوت تستدعي فحصًا سريعًا.","","الهرمون المنبه للدرقية (TSH) • هرمون الثيروكسين الحر (Free T4) • خزعة بالإبرة الدقيقة (FNA) للعقيدة المشبوهة","موجات فوق صوتية للغدة الدرقية والرقبة","","متابعة دورية بالموجات فوق الصوتية للعقيدات الحميدة • استئصال جزئي أو كلي للغدة عند الاشتباه بالسرطان أو الضغط • اليود المشع للعقيدات مفرطة النشاط","","2015 ATA Management Guidelines for Adult Patients with Thyroid Nodules and Differentiated Thyroid Cancer","ATA • NICE","قيد المراجعة","","","","",""
"الغدد الصماء والسكري","endocrine.di","البوال التفِه (السكري الكاذب)","Diabetes insipidus","E23.2","راجع الطبيب المختص","الجنسان","عطش شديد وتبول غزير جدًا مع سكر طبيعي (3)","خلل في هرمون يحافظ على الماء في الجسم، فيحدث تبول غزير جدًا وعطش شديد مع سكر دم طبيعي.","تحاليل البول والدم واختبار الحرمان من الماء لدى طبيب الغدد، والعلاج بهرمون بديل.","","حجم البول خلال 24 ساعة وكثافته • الصوديوم والأسمولية في الدم والبول • اختبار الحرمان من الماء أو قياس الكوبيبتين (Copeptin)","رنين مغناطيسي للغدة النخامية (MRI)","نظير الهرمون المضاد لإدرار البول: desmopressin — بوصفة طبية فقط؛ خطر نقص الصوديوم مع الإفراط في الشرب","علاج السبب، ومراجعة أدوية كالليثيوم في النوع الكلوي","الشرب حسب العطش وعدم تقييد الماء","Society for Endocrinology clinical guidance on cranial diabetes insipidus (arginine vasopressin deficiency)","ENDO","قيد المراجعة","","","","",""
"الغدد الصماء والسكري","endocrine.vitd","نقص فيتامين د","Vitamin D deficiency","E55.9","رعاية منزلية ومتابعة","الجنسان","آلام عظام وتعب عام مع قلة التعرض للشمس (3)","نقص شائع جدًا بسبب قلة التعرض للشمس، ويسبب آلام عظام وضعفًا ويزيد خطر الهشاشة.","تحليل فيتامين د، والتعويض بالجرعات التي يحددها الطبيب، والتعرض المعتدل للشمس.","","مستوى فيتامين د في الدم (25-OH Vitamin D) • الكالسيوم والفوسفات والفوسفاتاز القلوي (ALP) • هرمون الغدة الجار درقية (PTH) عند الحاجة","","فيتامين د: colecalciferol, ergocalciferol — الجرعة يحددها الطبيب؛ الإفراط ضار • مكملات الكالسيوم عند نقصه في الغذاء: calcium carbonate","","التعرض المعتدل لأشعة الشمس • أطعمة غنية بفيتامين د كالأسماك الدهنية والبيض","NICE CKS Vitamin D deficiency in adults","NICE • ENDO • WHO_EML","قيد المراجعة","","","","",""
"الغدد الصماء والسكري","endocrine.obesity","السمنة","Obesity","E66.9","راجع الطبيب المختص","الجنسان","مؤشر كتلة الجسم 30 فأكثر (3)","زيادة الدهون في الجسم إلى حد يضر بالصحة، وتُصنّف بمؤشر كتلة الجسم: الدرجة الأولى 30–34.9، والثانية 35–39.9، والثالثة 40 فأكثر.","خطة غذائية ونشاط بدني ونوم كافٍ، وأدوية حديثة فعّالة لإنقاص الوزن، وجراحات السمنة للدرجات المتقدمة، مع فحص السكر والضغط والدهون.","","مؤشر كتلة الجسم ومحيط الخصر (BMI) • سكر الدم والهيموجلوبين السكري (HbA1c) • دهون الدم ووظائف الكبد • وظائف الغدة الدرقية (TSH)","","أدوية تعمل على مستقبلات GLP-1: semaglutide, liraglutide, tirzepatide — بوصفة طبية فقط؛ لا تُستخدم في الحمل • مثبطات الليباز: orlistat — بوصفة طبية فقط","برنامج متعدد المكونات: غذاء ونشاط وتعديل سلوكي • جراحة السمنة (Bariatric surgery) للحالات المؤهلة","تقليل السعرات والمشروبات المحلاة • زيادة النشاط البدني تدريجيًا","NICE NG246 Overweight and obesity management (2025)","NICE • ENDO • WHO","قيد المراجعة","","","","",""
"الغدد الصماء والسكري","endocrine.hyperpara","فرط نشاط الغدة جار الدرقية","Primary hyperparathyroidism","E21.0","راجع الطبيب المختص","الجنسان","حصوات كلى متكررة مع ارتفاع الكالسيوم في التحاليل (3)","زيادة هرمون الغدد جارات الدرقية فيرتفع الكالسيوم، مسببًا حصوات كلى وهشاشة عظام وتعبًا.","تحليل الكالسيوم وهرمون الباراثورمون لدى طبيب الغدد، والجراحة علاج شافٍ في كثير من الحالات.","","الكالسيوم في الدم (مصحح بالألبومين) • هرمون الغدة الجار درقية (PTH) • فيتامين د ووظائف الكلى • الكالسيوم في بول 24 ساعة","قياس كثافة العظام (DEXA) • موجات فوق صوتية للرقبة ومسح سيستامبي (Sestamibi scan) • موجات فوق صوتية للكلى لاستبعاد الحصوات","","استئصال الغدة الجار درقية المتضخمة جراحيًا (Parathyroidectomy) • متابعة دورية للكالسيوم والعظام والكلى لمن لا يحتاج جراحة","شرب كمية كافية من الماء","NICE NG132 Hyperparathyroidism (primary): diagnosis, assessment and initial management (2019)","NICE • ENDO","قيد المراجعة","","","","",""
"الذكورة والمسالك البولية","andrology.torsion","التواء الخصية","Testicular torsion","N44","طوارئ فورًا","ذكور فقط","ألم مفاجئ وشديد في الخصية (3) • ثقل أو تورّم في الخصية يزداد مع الوقوف (1)","التفاف الحبل المنوي حول نفسه فينقطع الدم عن الخصية.","حالة جراحية طارئة خلال ساعات؛ فبعد ست ساعات تنخفض فرصة إنقاذ الخصية كثيرًا.","ألم مفاجئ شديد في الخصية (غالبًا لدى الشباب) يستدعي الطوارئ فورًا.","تحليل البول (Urinalysis) لاستبعاد العدوى","موجات فوق صوتية مع دوبلر للصفن دون تأخير الجراحة","مسكنات الألم: morphine, paracetamol — تُعطى في المستشفى","استكشاف جراحي عاجل وفك الالتواء وتثبيت الخصيتين (Orchidopexy) • استئصال الخصية إن كانت غير قابلة للحياة","التوجه للطوارئ فورًا أو الاتصال بالإسعاف (123) • عدم الأكل أو الشرب تحسبًا للجراحة","EAU Guidelines on Paediatric Urology (testicular torsion)","EAU • AUA • WHO_EML","قيد المراجعة","","","","",""
"الذكورة والمسالك البولية","andrology.ed","ضعف الانتصاب","Erectile dysfunction","N48.4","راجع الطبيب المختص","ذكور فقط","ضعف في الانتصاب (3) • سرعة القذف (1)","صعوبة في الوصول إلى الانتصاب أو المحافظة عليه بالقدر الكافي.","تقييم الأسباب (السكري، الضغط، القلب، العوامل النفسية، الأدوية) لدى طبيب الذكورة والعلاج حسب السبب، وقد يكون إنذارًا مبكرًا لأمراض القلب.","","سكر الدم الصائم أو الهيموجلوبين السكري (HbA1c) • دهون الدم (Lipid profile) • التستوستيرون الكلي صباحًا","","مثبطات الفوسفودايستيراز-5: sildenafil, tadalafil — بوصفة طبية فقط؛ ممنوعة مع أدوية النترات","علاج عوامل الخطر القلبية والوعائية • العلاج النفسي الجنسي (Psychosexual therapy) • حقن داخل الجسم الكهفي أو دعامة القضيب عند فشل الأقراص","الإقلاع عن التدخين وممارسة الرياضة وإنقاص الوزن","AUA Erectile Dysfunction Guideline (2018)","AUA • EAU • ISSM","قيد المراجعة","","","","",""
"الذكورة والمسالك البولية","andrology.varicocele","دوالي الخصية","Varicocele","I86.1","راجع الطبيب المختص","ذكور فقط","ثقل أو تورّم في الخصية يزداد مع الوقوف (3)","تمدد في أوردة كيس الصفن، ومن أشهر أسباب ضعف الخصوبة القابلة للعلاج.","متابعة لدى طبيب الذكورة، وجراحة بسيطة إذا أثرت في الخصوبة أو سببت ألمًا.","","تحليل السائل المنوي (Semen analysis) عند الرغبة في الإنجاب","موجات فوق صوتية مع دوبلر للصفن","","ربط الدوالي جراحيًا بالمجهر (Microsurgical varicocelectomy) عند العقم أو الألم • إغلاق الأوردة بالقسطرة (Embolization) كبديل • المتابعة فقط إذا لم توجد أعراض أو مشكلة خصوبة","ارتداء ملابس داخلية داعمة لتخفيف الثقل","EAU Guidelines on Sexual and Reproductive Health (male infertility: varicocele)","EAU • AUA","قيد المراجعة","","","","",""
"الذكورة والمسالك البولية","andrology.hypogonadism","نقص هرمون الذكورة","Low testosterone","E29.1","راجع الطبيب المختص","ذكور فقط","انخفاض الرغبة الجنسية (3) • ضعف في الانتصاب (1)","نقص في هرمون التستوستيرون يؤثر في الرغبة والطاقة والانتصاب.","تحليل الهرمونات صباحًا، والعلاج التعويضي وفق الطبيب.","","التستوستيرون الكلي صباحًا مرتين • هرمونا LH وFSH • البرولاكتين • صورة دم كاملة ومستضد البروستاتا (CBC, PSA) قبل العلاج","رنين مغناطيسي للنخامية عند الاشتباه بسبب نخامي","العلاج التعويضي بالتستوستيرون: testosterone — بوصفة طبية فقط؛ يثبط الخصوبة ويحتاج متابعة دورية","علاج الأسباب كالسمنة والسكري ومراجعة الأدوية","","Endocrine Society Clinical Practice Guideline: Testosterone Therapy in Men With Hypogonadism (2018)","ENDO • EAU • AUA • WHO_EML","قيد المراجعة","","","","",""
"الذكورة والمسالك البولية","andrology.lump","كتلة في الخصية تستوجب الفحص","Testicular mass","N50.8","فحص عاجل خلال 24 ساعة","ذكور فقط","كتلة صلبة غير مؤلمة في الخصية (3)","الكتلة الصلبة غير المؤلمة في الخصية تحتاج إلى فحص عاجل لاستبعاد ورم الخصية، الأشيع بين 15 و40 عامًا، وهذا ليس تشخيصًا.","فحص لدى طبيب المسالك بالموجات الصوتية خلال أيام. أورام الخصية من أعلى الأورام شفاءً عند اكتشافها مبكرًا.","","دلالات أورام الخصية (AFP, beta-hCG, LDH)","موجات فوق صوتية للصفن • أشعة مقطعية للصدر والبطن والحوض (CT) لتحديد المرحلة","","استئصال الخصية عبر الأربية (Radical inguinal orchiectomy) عند الاشتباه • حفظ السائل المنوي قبل العلاج • علاج كيميائي أو إشعاعي حسب نوع الورم ومرحلته","الفحص الذاتي الشهري للخصيتين","EAU Guidelines on Testicular Cancer","EAU • NCCN • NICE","قيد المراجعة","","","","",""
"الذكورة والمسالك البولية","andrology.infertility","تأخر الإنجاب لدى الرجل","Male infertility","N46","راجع الطبيب المختص","ذكور فقط","عدم حدوث حمل للزوجة بعد سنة من المحاولة المنتظمة (3) • ثقل أو تورّم في الخصية يزداد مع الوقوف (1) • انخفاض الرغبة الجنسية (1)","عدم حدوث حمل بعد سنة من العلاقة المنتظمة دون موانع، ويكون السبب لدى الرجل في نحو نصف الحالات.","تحليل السائل المنوي أولًا، ثم فحص الهرمونات والموجات الصوتية. العلاج حسب السبب (دوالي، هرمونات، عدوى) أو تقنيات المساعدة على الإنجاب.","","تحليل السائل المنوي مرتين (Semen analysis) • هرمونات FSH وLH والتستوستيرون • تحاليل وراثية (Karyotype, Y-microdeletion) عند القلة الشديدة","موجات فوق صوتية للصفن","","علاج دوالي الخصية عند وجودها • التلقيح الصناعي أو الحقن المجهري (IUI/ICSI) حسب الحالة • استخراج الحيوانات المنوية جراحيًا (TESE) عند انعدامها","الإقلاع عن التدخين وتجنب تعريض الخصيتين للحرارة • تجنب المنشطات والتستوستيرون الخارجي","AUA/ASRM Diagnosis and Treatment of Infertility in Men Guideline (2020, amended 2024)","AUA • EAU • WHO","قيد المراجعة","","","","",""
"الذكورة والمسالك البولية","andrology.gynecomastia","التثدّي لدى الرجال","Gynecomastia","N62","راجع الطبيب المختص","ذكور فقط","تضخّم أو ألم في ثدي الرجل (3) • انخفاض الرغبة الجنسية (1)","تضخّم نسيج الثدي لدى الرجل بسبب خلل التوازن بين هرمون الذكورة والإستروجين، أو بسبب أدوية أو أمراض الكبد.","تحاليل هرمونية ومراجعة الأدوية، وعلاج السبب. الكتلة الصلبة في جهة واحدة تحتاج إلى فحص عاجل.","","التستوستيرون وLH وFSH والإستراديول • البرولاكتين وهرمون beta-hCG • وظائف الكبد والكلى والغدة الدرقية","موجات فوق صوتية للثدي أو ماموجرام عند الاشتباه بكتلة • موجات فوق صوتية للخصيتين حسب نتائج الهرمونات","","مراجعة الأدوية والمواد المسببة وإيقافها • الطمأنة والمتابعة في سن البلوغ لأنها تزول غالبًا • جراحة تصغير الثدي للحالات المستمرة","","European Academy of Andrology (EAA) clinical practice guidelines on gynecomastia evaluation and management (2019)","ENDO","قيد المراجعة","","","","",""
"الذكورة والمسالك البولية","andrology.pe","سرعة القذف","Premature ejaculation","F52.4","رعاية منزلية ومتابعة","ذكور فقط","سرعة القذف (3)","حدوث القذف في وقت أسرع من المرغوب (غالبًا خلال دقيقة إلى دقيقتين) بصورة متكررة تسبب ضيقًا، وهو أشيع اضطراب جنسي لدى الرجال.","تقنيات سلوكية (التوقف والبدء، الضغط)، وتمارين قاع الحوض، وعلاجات دوائية أو موضعية يصفها طبيب الذكورة. المشكلة شائعة ولها حلول فعّالة.","","","","مثبطات استرداد السيروتونين الانتقائية: dapoxetine, sertraline, paroxetine — بوصفة طبية فقط • مخدر موضعي: lidocaine, prilocaine — كريم أو بخاخ موضعي","العلاج السلوكي (تقنية التوقف والبدء أو الضغط) • الإرشاد النفسي الجنسي للزوجين","تمارين عضلات قاع الحوض","ISSM Guidelines for the Diagnosis and Treatment of Premature Ejaculation (2014)","ISSM • EAU • AUA","قيد المراجعة","","","","",""
"الذكورة والمسالك البولية","andrology.phimosis","تضيّق القلفة","Phimosis","N47","راجع الطبيب المختص","ذكور فقط","صعوبة إرجاع جلد مقدمة القضيب (3) • احمرار والتهاب وحكة في رأس القضيب (1)","ضيق جلد مقدمة القضيب يمنع إرجاعه. إذا عَلِق الجلد خلف الرأس وتورّم (التضيّق المختنق) فهي حالة طارئة.","كريم كورتيزون موضعي لأسابيع، أو الختان في الحالات المتكررة.","","","","كريم كورتيكوستيرويد موضعي: betamethasone — بوصفة طبية فقط؛ للأطفال بإشراف الطبيب","الختان (Circumcision) عند فشل العلاج الموضعي أو تكرار العدوى • لدى الأطفال الصغار: الانتظار غالبًا لأن التضيق طبيعي في السنوات الأولى","عدم سحب القلفة بالقوة لدى الأطفال • النظافة اليومية بالماء الدافئ","EAU Guidelines on Paediatric Urology (phimosis)","EAU • NICE • WHO_EML","قيد المراجعة","","","","",""
"الذكورة والمسالك البولية","andrology.balanitis","التهاب حشفة القضيب","Balanitis","N48.1","رعاية منزلية ومتابعة","ذكور فقط","احمرار والتهاب وحكة في رأس القضيب (3) • صعوبة إرجاع جلد مقدمة القضيب (1)","التهاب رأس القضيب، غالبًا بسبب الفطريات أو ضعف النظافة، ويزيد مع السكري.","نظافة لطيفة يومية وتجفيف جيد، وكريم مضاد للفطريات. التكرار يستدعي فحص السكر.","","سكر الدم لاستبعاد السكري • مسحة ومزرعة عند عدم الاستجابة للعلاج","","مضاد فطريات موضعي: clotrimazole, miconazole • كورتيكوستيرويد موضعي خفيف: hydrocortisone — لفترة قصيرة بإرشاد الطبيب","الختان عند التكرار","الغسل اليومي بالماء الدافئ وتجفيف المنطقة جيدًا • تجنب الصابون المعطر","BASHH UK National Guideline on the Management of Balanoposthitis (2015)","NICE • WHO_EML","قيد المراجعة","","","","",""
"الذكورة والمسالك البولية","andrology.peyronie","مرض بيروني (انحناء القضيب)","Peyronie disease","N48.6","راجع الطبيب المختص","ذكور فقط","انحناء مؤلم في القضيب أثناء الانتصاب (3) • ضعف في الانتصاب (1)","تليّف داخل القضيب يسبب انحناءً وألمًا أثناء الانتصاب، ويمر بمرحلة نشطة (ألم وتغيّر) ثم مرحلة مستقرة.","متابعة لدى طبيب الذكورة؛ العلاج دوائي أو بالحقن أو جراحي بعد استقرار الانحناء.","","","موجات فوق صوتية مع دوبلر للقضيب","","المتابعة في المرحلة النشطة لأن بعض الحالات تستقر • أجهزة الشد (Traction therapy) • جراحة تصحيح الانحناء بعد استقرار المرض","","AUA Peyronie's Disease Guideline (2015, amended)","AUA • EAU","قيد المراجعة","","","","",""
"الذكورة والمسالك البولية","andrology.hydrocele","القيلة المائية (تجمّع سائل حول الخصية)","Hydrocele","N43.3","راجع الطبيب المختص","ذكور فقط","تورّم لين غير مؤلم في كيس الصفن (3)","تجمّع سائل حول الخصية يسبب تورّمًا لينًا غير مؤلم في كيس الصفن.","موجات صوتية للتأكيد، ومتابعة أو جراحة بسيطة إذا كبر أو أزعج.","","","موجات فوق صوتية للصفن","","المتابعة لدى الرضع حتى سن 1-2 سنة لأنها تزول غالبًا • استئصال القيلة المائية جراحيًا (Hydrocelectomy) للكبيرة أو المزعجة","","EAU Guidelines on Paediatric Urology (hydrocele)","EAU • AUA","قيد المراجعة","","","","",""
"الذكورة والمسالك البولية","andrology.hernia","الفتق الإربي","Inguinal hernia","K40.9","راجع الطبيب المختص","ذكور فقط","انتفاخ في أعلى الفخذ أو كيس الصفن يزداد مع السعال أو الوقوف (3)","بروز جزء من الأمعاء عبر ضعف في جدار البطن أسفل الفخذ، وقد ينزل إلى كيس الصفن.","إصلاح جراحي مخطط له. إذا أصبح الانتفاخ مؤلمًا وصلبًا ولا يعود مع قيء فذلك فتق مختنق يستدعي الطوارئ.","","","موجات فوق صوتية للأربية عند عدم وضوح التشخيص","","إصلاح الفتق جراحيًا بشبكة (Mesh repair) مفتوحًا أو بالمنظار • الانتظار اليقظ للفتق الصغير غير المؤلم لدى الرجال","التوجه للطوارئ إذا أصبح الفتق مؤلمًا ولا يعود للداخل • تجنب رفع الأثقال الثقيلة","HerniaSurge International Guidelines for Groin Hernia Management (2018)","NICE","قيد المراجعة","","","","",""
"الذكورة والمسالك البولية","andrology.prostatitis","التهاب البروستاتا","Prostatitis","N41.9","راجع الطبيب المختص","ذكور فقط","صعوبة أو حرقان أثناء التبول (3) • ثقل أو تورّم في الخصية يزداد مع الوقوف (1)","التهاب في غدة البروستاتا، غالبًا بسبب عدوى بكتيرية، يسبب ألمًا وصعوبة في التبول.","مضاد حيوي لمدة كافية يحدده طبيب المسالك، ومسكنات. الحمّى العالية أو احتباس البول يستدعيان الطوارئ.","","تحليل ومزرعة البول (Urinalysis, culture) • فحوص الأمراض المنقولة جنسيًا عند الحاجة","موجات فوق صوتية عبر المستقيم عند الاشتباه بخراج","مضادات حيوية للالتهاب البكتيري: ciprofloxacin, trimethoprim, sulfamethoxazole+trimethoprim — بوصفة طبية فقط؛ لعدة أسابيع • حاصرات ألفا: tamsulosin — بوصفة طبية فقط • مسكنات الألم: paracetamol, ibuprofen","العلاج الطبيعي لقاع الحوض في الالتهاب المزمن","شرب السوائل بكثرة","NICE NG110 Prostatitis (acute): antimicrobial prescribing (2018)","NICE • EAU • WHO_EML","قيد المراجعة","","","","",""
"الذكورة والمسالك البولية","andrology.bph","تضخم البروستاتا الحميد","Enlarged prostate","N40","راجع الطبيب المختص","ذكور فقط","كثرة التبول خاصة ليلًا مع ضعف اندفاع البول (3) • صعوبة أو حرقان أثناء التبول (1)","تضخم طبيعي في البروستاتا مع التقدم في العمر يضغط على مجرى البول.","أدوية ترخي عضلات البروستاتا أو تقلّص حجمها، وجراحة بالمنظار في الحالات المتقدمة.","","مستضد البروستاتا النوعي (PSA) بعد المشورة • تحليل البول (Urinalysis) • وظائف الكلى (Creatinine)","موجات فوق صوتية للمسالك البولية وقياس البول المتبقي • مخطط تدفق البول (Uroflowmetry)","حاصرات ألفا: tamsulosin, doxazosin — بوصفة طبية فقط؛ قد تسبب دوخة • مثبطات إنزيم 5-ألفا ريدكتاز: finasteride, dutasteride — بوصفة طبية فقط؛ تخفض قراءة PSA","استئصال البروستاتا بالمنظار (TURP) عند فشل الأدوية أو المضاعفات","تقليل السوائل مساءً والكافيين والكحول","NICE CG97 Lower urinary tract symptoms in men: management (2010, updated)","NICE • EAU • AUA","قيد المراجعة","","","","",""
"الذكورة والمسالك البولية","andrology.retention","احتباس البول الحاد","Acute urinary retention","R33","طوارئ فورًا","ذكور فقط","عدم القدرة المفاجئة على التبول مع ألم وانتفاخ أسفل البطن (3) • كثرة التبول خاصة ليلًا مع ضعف اندفاع البول (1)","العجز المفاجئ عن التبول مع امتلاء المثانة المؤلم، وأشهر أسبابه تضخم البروستاتا وبعض الأدوية.","توجّه إلى الطوارئ لتركيب قسطرة تفرغ المثانة، ثم علاج السبب لدى طبيب المسالك.","","وظائف الكلى (Creatinine, U&E) • تحليل ومزرعة البول","موجات فوق صوتية للمثانة لقياس حجم البول","حاصرات ألفا قبل محاولة إزالة القسطرة: tamsulosin — تُعطى في المستشفى أو بوصفة الطبيب","تركيب قسطرة بولية فورًا لتفريغ المثانة • قسطرة فوق العانة عند تعذر القسطرة العادية • علاج السبب كتضخم البروستاتا","التوجه للطوارئ فورًا","EAU Guidelines on Management of Non-neurogenic Male LUTS","EAU • NICE","قيد المراجعة","","","","",""
"الذكورة والمسالك البولية","andrology.prostateca","الكشف المبكر عن سرطان البروستاتا","Prostate cancer screening","Z12.5","راجع الطبيب المختص","ذكور فقط","رجل فوق الخمسين يريد فحص البروستاتا أو له تاريخ عائلي بسرطانها (3)","سرطان البروستاتا شائع بعد الخمسين وغالبًا بلا أعراض في البداية، والكشف المبكر بتحليل PSA يناقش مع الطبيب حسب العمر والتاريخ العائلي.","تحليل PSA وفحص لدى طبيب المسالك بعد مناقشة فوائده وحدوده. الاكتشاف المبكر يتيح علاجًا شافيًا.","","مستضد البروستاتا النوعي (PSA) بعد مناقشة المنافع والمخاطر","رنين مغناطيسي متعدد المعايير للبروستاتا (mpMRI) عند ارتفاع PSA","","قرار مشترك مع الطبيب حول الفحص من سن 50 (أو 45 لذوي الخطورة العالية) • فحص البروستاتا بالإصبع (DRE) • خزعة البروستاتا الموجهة عند الاشتباه","","AUA/SUO Early Detection of Prostate Cancer Guideline (2023)","AUA • EAU • NICE","قيد المراجعة","","","","",""
"الذكورة والمسالك البولية","andrology.stricture","تضيّق مجرى البول","Urethral stricture","N35.9","راجع الطبيب المختص","ذكور فقط","ضعف شديد في اندفاع البول بعد التهاب أو قسطرة سابقة (3) • صعوبة أو حرقان أثناء التبول (1)","تندّب يضيّق مجرى البول بعد التهاب أو إصابة أو قسطرة، فيضعف تدفق البول.","قياس تدفق البول ومنظار لدى طبيب المسالك، والعلاج بالتوسيع أو الشق بالمنظار أو الجراحة الترميمية.","","تحليل البول (Urinalysis) • مخطط تدفق البول (Uroflowmetry)","تصوير الإحليل بالصبغة (Retrograde urethrogram)","","منظار المثانة والإحليل (Cystoscopy) • توسيع الإحليل أو شق التضيق بالمنظار (Urethrotomy) • جراحة ترميم الإحليل (Urethroplasty) للتضيقات الطويلة أو المتكررة","","AUA Urethral Stricture Guideline (2016, amended 2023)","AUA • EAU","قيد المراجعة","","","","",""
"الذكورة والمسالك البولية","andrology.priapism","القُساح (الانتصاب المستمر المؤلم)","Priapism","N48.3","طوارئ فورًا","ذكور فقط","انتصاب مؤلم يستمر أكثر من 4 ساعات (3)","انتصاب مؤلم يستمر أكثر من أربع ساعات دون إثارة، وقد يتلف أنسجة القضيب إذا تأخر علاجه.","توجّه إلى الطوارئ فورًا؛ العلاج بسحب الدم أو الحقن الدوائي، وأخبر الطبيب بأي أدوية تتناولها.","","غازات الدم من الجسم الكهفي (Cavernosal blood gas) • صورة دم كاملة (CBC) وفحص الأنيميا المنجلية","دوبلر ملون للقضيب","قابض للأوعية يُحقن في الجسم الكهفي: phenylephrine — تُعطى في المستشفى","سحب الدم من الجسم الكهفي (Aspiration) مع الغسيل • جراحة تحويلة (Shunt) عند فشل العلاج","التوجه للطوارئ إذا استمر الانتصاب أكثر من 4 ساعات","AUA/SMSNA Guideline on Acute Ischemic Priapism (2021, amended 2022)","AUA • EAU","قيد المراجعة","","","","",""
"أمراض النساء","gynecology.ectopic","الحمل خارج الرحم","Ectopic pregnancy","O00.9","طوارئ فورًا","إناث فقط","ألم حاد مفاجئ في جانب واحد من الحوض مع تأخر الدورة (3) • دوخة أو إغماء مع نزيف مهبلي (3) • نزيف بين الدورات أو دورة غزيرة (1)","انغراس الحمل خارج الرحم (غالبًا في قناة فالوب)، وقد يسبب نزيفًا داخليًا خطيرًا.","طوارئ: موجات صوتية وتحليل حمل فورًا، والعلاج دوائي أو جراحي حسب الحالة.","ألم حاد في جانب واحد مع تأخر الدورة ودوخة يستدعي الطوارئ.","هرمون الحمل الكمي في الدم (beta-hCG) • فصيلة الدم وعامل Rh وصورة دم كاملة (CBC)","موجات فوق صوتية مهبلية (Transvaginal ultrasound)","مثبط حمض الفوليك للحالات المستقرة المؤهلة: methotrexate — تُعطى في المستشفى؛ بقرار طبيبة النساء • مضاد D لمن فصيلتها سالبة عند الحاجة: anti-D immunoglobulin — تُعطى في المستشفى","جراحة بالمنظار لإزالة الحمل أو قناة فالوب • المتابعة بقياس beta-hCG حتى يعود للصفر","الاتصال بالإسعاف (123) فورًا عند الألم الشديد أو الإغماء","NICE NG126 Ectopic pregnancy and miscarriage: diagnosis and initial management (2019, updated 2023)","NICE • RCOG • ACOG • WHO_EML","قيد المراجعة","","","","",""
"أمراض النساء","gynecology.preeclampsia","تسمّم الحمل (ما قبل الإرجاج)","Preeclampsia","O14.9","طوارئ فورًا","إناث فقط","صداع شديد أو زغللة أو تورّم الوجه واليدين أثناء الحمل (3)","ارتفاع ضغط الدم مع تأثر أعضاء الجسم بعد الأسبوع العشرين من الحمل، وقد يهدد حياة الأم والجنين.","توجّهي إلى الطوارئ لقياس الضغط وتحليل البول والدم ومتابعة الجنين فورًا.","","قياس ضغط الدم المتكرر • نسبة البروتين إلى الكرياتينين في البول (uPCR) • صورة دم كاملة والصفائح ووظائف الكبد والكلى • اختبار عامل نمو المشيمة (PlGF) عند الاشتباه","موجات فوق صوتية لنمو الجنين ودوبلر الشريان السري","خافضات ضغط آمنة في الحمل: labetalol, nifedipine, methyldopa — تُعطى في المستشفى أو بوصفة الطبيب • وقاية من التشنجات: magnesium sulfate — تُعطى في المستشفى • كورتيكوستيرويد لنضج رئة الجنين: dexamethasone, betamethasone — تُعطى في المستشفى قبل الولادة المبكرة","الإدخال للمستشفى والمراقبة المكثفة للأم والجنين • الولادة هي العلاج النهائي ويحدد الطبيب توقيتها","التوجه للطوارئ فورًا عند الصداع الشديد أو زغللة العين أو ألم أعلى البطن","NICE NG133 Hypertension in pregnancy: diagnosis and management (2019, updated 2023)","NICE • ACOG • WHO • WHO_EML","قيد المراجعة","","","","",""
"أمراض النساء","gynecology.breastlump","كتلة في الثدي تستوجب الفحص","Breast lump","N63","فحص عاجل خلال 24 ساعة","إناث فقط","كتلة جديدة في الثدي أو تغيّر في الحلمة أو جلد الثدي (3)","معظم كتل الثدي حميدة، لكن أي كتلة جديدة تحتاج إلى فحص لاستبعاد سرطان الثدي، وهذا ليس تشخيصًا.","فحص لدى طبيب الثدي أو الجراحة خلال أيام مع موجات صوتية أو ماموجرام. الفحص الذاتي الشهري والماموجرام الدوري بعد الأربعين ينقذان الحياة.","","خزعة إبرية موجهة (Core biopsy) عند الاشتباه","موجات فوق صوتية للثدي (الأولى غالبًا لمن دون 35 عامًا) • تصوير الثدي الشعاعي (Mammogram)","","التقييم الثلاثي: فحص سريري وتصوير وخزعة • الإحالة العاجلة لعيادة الثدي","عدم انتظار اختفاء الكتلة ومراجعة الطبيب سريعًا","NICE NG12 Suspected cancer: recognition and referral","NICE • NCCN","قيد المراجعة","","","","",""
"أمراض النساء","gynecology.prolactin","ارتفاع هرمون الحليب (البرولاكتين)","Hyperprolactinemia","E22.1","راجع الطبيب المختص","إناث فقط","إفراز حليبي من الثدي دون حمل أو رضاعة (3) • عدم انتظام الدورة الشهرية (2) • عدم حدوث حمل بعد سنة من المحاولة المنتظمة (1)","زيادة هرمون البرولاكتين من الغدة النخامية، فيسبب إفرازًا حليبيًا واضطراب الدورة وتأخر الحمل.","تحليل البرولاكتين ووظائف الغدة الدرقية ومراجعة الأدوية، وقد تُطلب أشعة رنين على الغدة النخامية. العلاج دوائي فعّال غالبًا.","","البرولاكتين في الدم (يُعاد صباحًا عند الحاجة) • اختبار الحمل (beta-hCG) • وظائف الغدة الدرقية (TSH) والكلى • مراجعة الأدوية التي ترفع البرولاكتين","رنين مغناطيسي للغدة النخامية (MRI)","ناهضات الدوبامين: cabergoline, bromocriptine — بوصفة طبية فقط","فحص المجال البصري للأورام الكبيرة • جراحة الغدة النخامية عبر الأنف عند فشل الأدوية أو عدم تحملها","","Endocrine Society Clinical Practice Guideline: Diagnosis and Treatment of Hyperprolactinemia (2011)","ENDO","قيد المراجعة","","","","",""
"أمراض النساء","gynecology.infertility","تأخر الإنجاب لدى المرأة","Female infertility","N97.9","راجع الطبيب المختص","إناث فقط","عدم حدوث حمل بعد سنة من المحاولة المنتظمة (3) • عدم انتظام الدورة الشهرية (1)","عدم حدوث حمل بعد سنة من العلاقة المنتظمة (أو ستة أشهر بعد سن 35)، وأشهر أسبابه اضطراب التبويض وانسداد قناتي فالوب.","تقييم الزوجين معًا: متابعة التبويض والهرمونات وأشعة على الرحم والأنابيب وتحليل السائل المنوي للزوج، ثم العلاج حسب السبب.","","هرمون مضاد مولر (AMH) • هرمونات FSH وLH والإستراديول في اليوم 2-5 من الدورة • البروجسترون في منتصف الطور الأصفري • الهرمون المنبه للدرقية (TSH) والبرولاكتين","موجات فوق صوتية مهبلية • تصوير الرحم والأنابيب بالصبغة (HSG)","محفزات التبويض: letrozole, clomifene — بوصفة طبية فقط؛ بمتابعة بالموجات فوق الصوتية • حمض الفوليك قبل الحمل: folic acid","تحليل السائل المنوي للزوج (Semen analysis) • التلقيح داخل الرحم أو أطفال الأنابيب (IUI/IVF) • تنظير البطن أو الرحم حسب السبب","الحفاظ على وزن صحي والإقلاع عن التدخين","NICE CG156 Fertility problems: assessment and treatment (2013, updated)","NICE • ESHRE • WHO_EML","قيد المراجعة","","","","",""
"أمراض النساء","gynecology.endometriosis","بطانة الرحم المهاجرة","Endometriosis","N80.9","راجع الطبيب المختص","إناث فقط","ألم شديد مع الدورة يزداد عامًا بعد عام مع ألم أثناء العلاقة (3) • ألم أسفل البطن أثناء الدورة (2) • عدم حدوث حمل بعد سنة من المحاولة المنتظمة (1)","نمو نسيج يشبه بطانة الرحم خارجه (على المبيضين والحوض)، يسبب آلامًا شديدة مع الدورة وأثناء العلاقة وتأخر الحمل. يُصنَّف في أربع مراحل (الأولى بسيطة حتى الرابعة شديدة).","مسكنات وعلاج هرموني لتخفيف الألم، وجراحة بالمنظار للتشخيص والعلاج في الحالات المتقدمة أو مع تأخر الحمل.","","","موجات فوق صوتية مهبلية (Transvaginal ultrasound) • رنين مغناطيسي للحوض (MRI) للحالات العميقة","مسكنات غير ستيرويدية: ibuprofen, naproxen, paracetamol • علاج هرموني: ethinylestradiol+levonorgestrel, dienogest, medroxyprogesterone acetate — بوصفة طبية فقط","تنظير البطن للتشخيص واستئصال البؤر (Laparoscopy) • الإحالة لمركز متخصص للحالات العميقة أو المرتبطة بتأخر الحمل","الكمادات الدافئة والرياضة الخفيفة","ESHRE Guideline: Endometriosis (2022)","ESHRE • NICE • WHO_EML","قيد المراجعة","","","","",""
"أمراض النساء","gynecology.bartholin","كيس أو خراج غدة بارثولين","Bartholin cyst or abscess","N75.0","راجع الطبيب المختص","إناث فقط","تورّم مؤلم في أحد جانبي فتحة المهبل (3)","انسداد غدة صغيرة بجانب فتحة المهبل فتتورّم، وقد تلتهب وتتحول إلى خراج مؤلم.","مغاطس دافئة للكيس البسيط، وتصريف ومضاد حيوي للخراج لدى طبيبة النساء.","","مسحة ومزرعة من الصديد • فحوص الأمراض المنقولة جنسيًا عند الحاجة","","مسكنات الألم: paracetamol, ibuprofen • مضادات حيوية عند انتشار الالتهاب حول الخراج: amoxicillin+clavulanic acid — بوصفة طبية فقط","تصريف الخراج مع تركيب قسطرة وورد (Word catheter) • التكييس الجراحي (Marsupialization) عند التكرار • خزعة لمن تجاوزت 40 عامًا لاستبعاد الأورام","الجلوس في ماء دافئ (Sitz bath) عدة مرات يوميًا","No dedicated major guideline; standard gynaecological practice (ACOG)","ACOG • WHO_EML","قيد المراجعة","","","","",""
"أمراض النساء","gynecology.prolapse","هبوط الرحم أو جدار المهبل","Pelvic organ prolapse","N81.9","راجع الطبيب المختص","إناث فقط","إحساس بثقل أو بروز في المهبل يزداد مع الوقوف (3)","ضعف أربطة قاع الحوض فيهبط الرحم أو المثانة أو المستقيم داخل المهبل، ويُصنَّف في أربع درجات حسب مدى الهبوط.","تمارين قاع الحوض (كيجل) للدرجات البسيطة، أو حلقة داعمة، أو جراحة للدرجات المتقدمة.","","تحليل البول (Urinalysis) لاستبعاد العدوى","موجات صوتية على المثانة لقياس البول المتبقي بعد التبول","إستروجين مهبلي موضعي: estradiol (vaginal), estriol (vaginal) — هرمون بوصفة طبية فقط، للنساء بعد انقطاع الطمث عند وجود ضمور","علاج طبيعي لقاع الحوض بإشراف مختص لمدة 16 أسبوعًا على الأقل • تركيب حلقة مهبلية داعمة (Pessary) • جراحة إصلاح قاع الحوض للدرجات المتقدمة","تمارين قاع الحوض (كيجل) يوميًا • إنقاص الوزن وتجنّب الإمساك ورفع الأثقال","NICE NG123 Urinary incontinence and pelvic organ prolapse in women: management (2019)","NICE • ACOG","قيد المراجعة","","","","",""
"أمراض النساء","gynecology.vaginismus","التشنّج المهبلي","Vaginismus","N94.2","راجع الطبيب المختص","إناث فقط","تقلّص لا إرادي يمنع العلاقة أو الفحص المهبلي (3)","تقلّص لا إرادي في عضلات المهبل يجعل العلاقة أو الفحص مؤلمًا أو مستحيلًا، وهو حالة شائعة وقابلة للعلاج.","علاج طبيعي لقاع الحوض وعلاج سلوكي وموسّعات تدريجية بإشراف طبيبة أو معالجة متخصصة، وبنسب نجاح عالية.","","","","","علاج طبيعي لقاع الحوض لدى معالِجة متخصصة • علاج نفسي جنسي أو علاج معرفي سلوكي (CBT) للزوجين أو للمريضة • استخدام موسّعات مهبلية تدريجية بإشراف مختص • تثقيف جنسي وتوعية بتشريح الجسم","تمارين الاسترخاء والتنفس العميق","International Consultation on Sexual Medicine (ICSM) recommendations on female sexual pain disorders","ISSM • ACOG","قيد المراجعة","","","","",""
"أمراض النساء","gynecology.postcoital","نزيف بعد العلاقة يستدعي فحص عنق الرحم","Postcoital bleeding","N93.0","فحص عاجل خلال 24 ساعة","إناث فقط","نزيف بعد العلاقة الجنسية (3)","النزيف بعد العلاقة له أسباب بسيطة غالبًا (التهاب أو لحمية)، لكنه يستوجب فحص عنق الرحم لاستبعاد الأسباب الخطيرة، وهذا ليس تشخيصًا.","فحص لدى طبيبة النساء مع مسحة عنق الرحم (وفحص HPV) خلال أيام.","","مسحة عنق الرحم (Pap/LBC) مع فحص فيروس الورم الحليمي (HPV) • فحص الكلاميديا والسيلان بالحمض النووي (NAAT) • اختبار الحمل","موجات صوتية مهبلية (TVUS) عند الحاجة","","فحص عنق الرحم بالمنظار المكبّر (Colposcopy) مع خزعة عند الحاجة • استئصال لحمية عنق الرحم إن وُجدت","","NICE NG12 Suspected cancer: recognition and referral (2015, updated)","NICE • ACOG","قيد المراجعة","","","","",""
"أمراض النساء","gynecology.pid","التهاب الحوض","Pelvic inflammatory disease","N73.9","فحص عاجل خلال 24 ساعة","إناث فقط","حُمّى مع إفرازات كريهة الرائحة (3) • ألم أسفل البطن أثناء الدورة (2) • إفرازات غير طبيعية أو حكة (1)","عدوى بكتيرية تصعد إلى الرحم وقناتي فالوب، وقد تؤثر في الخصوبة إذا تأخر علاجها.","مضادات حيوية عاجلة يحددها طبيب النساء، وعلاج الزوج عند الحاجة.","الحمّى مع الإفرازات والرائحة وألم الحوض تحتاج إلى علاج سريع.","فحص الكلاميديا والسيلان بالحمض النووي (NAAT) • اختبار الحمل • صورة دم كاملة (CBC) وبروتين سي التفاعلي (CRP) • فحص الأمراض المنقولة جنسيًا الأخرى (HIV والزهري والتهاب الكبد B)","موجات صوتية مهبلية (TVUS) لاستبعاد الخراج","مضادات حيوية مركّبة: ceftriaxone, doxycycline, metronidazole — بوصفة طبية فقط، ويجب إكمال الشوط كاملًا • مسكنات مضادة للالتهاب: ibuprofen, paracetamol","فحص الشريك وعلاجه • دخول المستشفى للحالات الشديدة أو الحمل أو وجود خراج","الامتناع عن العلاقة حتى انتهاء علاج الطرفين","CDC Sexually Transmitted Infections Treatment Guidelines, 2021","CDC • WHO • WHO_EML","قيد المراجعة","","","","",""
"أمراض النساء","gynecology.pcos","متلازمة تكيّس المبايض","Polycystic ovary syndrome","E28.2","راجع الطبيب المختص","إناث فقط","عدم انتظام الدورة الشهرية (3) • زيادة شعر الوجه والجسم أو حبوب مع زيادة الوزن (3)","اضطراب هرموني يسبب خللًا في التبويض والدورة، وأحيانًا زيادة الشعر والحبوب.","إنقاص الوزن ولو قليلًا يُحدث فرقًا كبيرًا، مع أدوية لتنظيم الدورة أو الهرمونات أو للمساعدة على الحمل يحددها طبيب النساء.","","هرمون التستوستيرون الكلي والحر • البرولاكتين وهرمون الغدة الدرقية (TSH) لاستبعاد أسباب أخرى • الهيموجلوبين السكري (HbA1c) أو اختبار تحمّل الجلوكوز (OGTT) • دهون الدم (Lipid profile)","موجات صوتية مهبلية على المبيضين (TVUS)","حبوب منع الحمل المركّبة لتنظيم الدورة: ethinylestradiol, levonorgestrel — هرمونات بوصفة طبية فقط • محسّن حساسية الإنسولين: metformin — بوصفة طبية فقط • محفّز التبويض لمن ترغب في الحمل: letrozole — بإشراف طبيب مختص فقط","برنامج غذائي ورياضي منظّم لإنقاص الوزن","إنقاص 5–10% من الوزن يحسّن الدورة والتبويض • نشاط بدني منتظم","International Evidence-based Guideline for the Assessment and Management of Polycystic Ovary Syndrome 2023","ESHRE • ENDO • WHO_EML","قيد المراجعة","","","","",""
"أمراض النساء","gynecology.vaginitis","التهاب المهبل","Vaginitis","N76.0","راجع الطبيب المختص","إناث فقط","إفرازات غير طبيعية أو حكة (3)","عدوى فطرية أو بكتيرية تسبب إفرازات وحكة غير طبيعية.","علاج موضعي أو فموي حسب السبب يحدده طبيب النساء.","","فحص الإفرازات بالمجهر وقياس الحموضة (pH) • مسحة مهبلية للزرع عند الحاجة • فحص الكلاميديا والسيلان والترايكوموناس (NAAT)","","مضادات الفطريات: clotrimazole, fluconazole — للعدوى الفطرية حسب تشخيص الطبيب • مضاد حيوي/مضاد للطفيليات: metronidazole — بوصفة طبية فقط، للعدوى البكتيرية أو الترايكوموناس","علاج الشريك عند العدوى المنقولة جنسيًا","تجنّب الدش المهبلي والغسولات المعطّرة • ارتداء ملابس داخلية قطنية","CDC Sexually Transmitted Infections Treatment Guidelines, 2021","CDC • WHO_EML","قيد المراجعة","","","","",""
"أمراض النساء","gynecology.fibroids","الأورام الليفية الرحمية","Uterine fibroids","D25.9","راجع الطبيب المختص","إناث فقط","نزيف بين الدورات أو دورة غزيرة (3) • ألم أسفل البطن أثناء الدورة (2)","أورام حميدة في جدار الرحم، شائعة جدًا ونادرًا ما تكون خطيرة.","متابعة إذا لم تسبب أعراضًا، وعلاج دوائي أو جراحي إذا سببت نزيفًا أو ألمًا.","","صورة دم كاملة (CBC) لفحص فقر الدم • اختبار الحمل","موجات صوتية على الحوض (بطنية أو مهبلية) • رنين مغناطيسي على الحوض (MRI) قبل بعض الإجراءات","مضاد لانحلال الفيبرين لتقليل النزيف: tranexamic acid — بوصفة طبية فقط • مسكنات مضادة للالتهاب: ibuprofen, mefenamic acid • لولب هرموني: levonorgestrel (intrauterine system) — هرمون بوصفة طبية فقط، حسب حجم الأورام وموقعها • مكملات الحديد لفقر الدم: ferrous sulfate","استئصال الأورام الليفية (Myomectomy) بالمنظار أو الجراحة • إصمام الشرايين الرحمية (UAE) • استئصال الرحم لمن أتمّت الإنجاب عند الحاجة","","NICE NG88 Heavy menstrual bleeding: assessment and management (2018, updated)","NICE • ACOG • WHO_EML","قيد المراجعة","","","","",""
"أمراض النساء","gynecology.menopause","أعراض انقطاع الطمث","Menopause","N95.1","رعاية منزلية ومتابعة","إناث فقط","هبّات ساخنة وتعرّق ليلي مع اضطراب الدورة بعد الأربعين (3) • عدم انتظام الدورة الشهرية (1)","مرحلة طبيعية يتوقف فيها نشاط المبيضين تدريجيًا، غالبًا بين 45 و55 عامًا.","نمط حياة صحي ورياضة وكالسيوم وفيتامين د، وعلاج هرموني أو غير هرموني للأعراض المزعجة بعد تقييم الطبيب. أي نزيف بعد انقطاع الطمث يستوجب الفحص.","","هرمون FSH للنساء الأصغر من 45 عامًا فقط • دهون الدم وسكر الدم ضمن التقييم الدوري","قياس كثافة العظام (DEXA) حسب عوامل الخطر","العلاج الهرموني التعويضي: estradiol, progesterone — هرمونات بوصفة طبية فقط بعد تقييم المخاطر؛ يُضاف البروجستيرون لمن لديها رحم • إستروجين مهبلي موضعي: estradiol (vaginal), estriol (vaginal) — للجفاف المهبلي، بوصفة طبية فقط • الكالسيوم وفيتامين د: calcium carbonate, colecalciferol","العلاج المعرفي السلوكي (CBT) للهبّات الساخنة واضطراب المزاج","رياضة منتظمة وغذاء غني بالكالسيوم • تجنّب محفزات الهبّات كالكافيين والأماكن الحارة","NICE NG23 Menopause: identification and management (2015, updated 2024)","NICE • ENDO • WHO_EML","قيد المراجعة","","","","",""
"أمراض النساء","gynecology.dysmenorrhea","عسر الطمث (آلام الدورة الشديدة)","Dysmenorrhea","N94.6","رعاية منزلية ومتابعة","إناث فقط","ألم شديد مع الدورة الشهرية يعطّل الدراسة أو العمل (3) • ألم أسفل البطن أثناء الدورة (2)","آلام تقلّصية أسفل البطن مع الدورة، أشيعها الأولي لدى الشابات، وقد يكون ثانويًا لبطانة مهاجرة أو أورام ليفية.","مسكنات مضادة للالتهاب تبدأ قبل الألم، وكمادات دافئة ورياضة، وحبوب هرمونية إذا لزم. الألم المتزايد سنويًا يستدعي الفحص.","","","موجات صوتية على الحوض عند الاشتباه بسبب ثانوي","مسكنات مضادة للالتهاب: ibuprofen, naproxen, mefenamic acid — تُتجنّب مع قرحة المعدة أو الربو الحساس للأسبرين • مسكن بسيط: paracetamol • حبوب منع الحمل المركّبة: ethinylestradiol, levonorgestrel — هرمونات بوصفة طبية فقط","فحص لاستبعاد بطانة الرحم المهاجرة إذا لم تتحسن الأعراض","كمادات دافئة على أسفل البطن • البدء بالمسكن مع أول أعراض الألم • نشاط بدني منتظم","ACOG Committee Opinion No. 760: Dysmenorrhea and Endometriosis in the Adolescent (2018)","ACOG • WHO_EML","قيد المراجعة","","","","",""
"أمراض النساء","gynecology.pms","متلازمة ما قبل الطمث","Premenstrual syndrome","N94.3","رعاية منزلية ومتابعة","إناث فقط","تقلب مزاج وانتفاخ وألم الثدي قبل الدورة بأيام (3)","أعراض جسدية ونفسية تتكرر قبل الدورة بأيام وتزول مع بدايتها.","الرياضة والنوم وتقليل الملح والكافيين، وتسجيل الأعراض، وعلاج دوائي للحالات الشديدة.","","","","مثبطات استرداد السيروتونين الانتقائية (SSRIs): fluoxetine, sertraline — بوصفة طبية فقط للحالات الشديدة، بإشراف الطبيب • حبوب منع الحمل المركّبة: ethinylestradiol, drospirenone — هرمونات بوصفة طبية فقط","العلاج المعرفي السلوكي (CBT) للحالات الشديدة","تسجيل الأعراض في مفكرة لدورتين على الأقل • الرياضة والنوم المنتظم • تقليل الملح والكافيين","RCOG Green-top Guideline No. 48: Management of Premenstrual Syndrome (2016)","RCOG • ACOG • WHO_EML","قيد المراجعة","","","","",""
"أمراض النساء","gynecology.miscarriage","الإجهاض المنذر","Threatened miscarriage","O20.0","طوارئ فورًا","إناث فقط","نزيف مهبلي مع ألم تقلصي أثناء الحمل المبكر (3)","نزيف أثناء الحمل المبكر قد يكون إنذارًا بالإجهاض، ويحتاج إلى تقييم سريع لاستبعاد الحمل خارج الرحم.","توجّهي إلى الطوارئ أو طبيبة النساء فورًا لعمل موجات صوتية وتحليل حمل.","","هرمون الحمل الكمي في الدم (β-hCG) • فصيلة الدم والعامل الريزيسي (Rh) • صورة دم كاملة (CBC)","موجات صوتية مهبلية (TVUS) لتحديد مكان الحمل وحيويته","الغلوبولين المناعي المضاد لـ D: anti-D immunoglobulin — تُعطى في المستشفى لغير الحوامل ذوات Rh السالب حسب الحالة • البروجستيرون المهبلي: progesterone (vaginal) — بوصفة طبية فقط، لمن لديها نزيف وإجهاض سابق بقرار الطبيب • أدوية إفراغ الرحم: mifepristone, misoprostol — تُعطى في المستشفى، عند تأكيد الإجهاض فقط","متابعة بالموجات الصوتية وتحليل الحمل • إفراغ الرحم بالشفط عند الحاجة","الاتصال بالإسعاف (123) عند النزيف الغزير أو الدوخة أو الألم الشديد","NICE NG126 Ectopic pregnancy and miscarriage: diagnosis and initial management (2019, updated 2023)","NICE • RCOG • WHO_EML","قيد المراجعة","","","","",""
"أمراض النساء","gynecology.hyperemesis","القيء الحملي المفرط","Hyperemesis gravidarum","O21.1","فحص عاجل خلال 24 ساعة","إناث فقط","قيء شديد متكرر أثناء الحمل يمنع الأكل والشرب (3)","غثيان وقيء شديدان أثناء الحمل يمنعان الأكل والشرب ويسببان جفافًا ونقص الوزن.","تقييم عاجل لدى طبيبة النساء، ومحاليل وريدية وأدوية آمنة مضادة للقيء.","","تحليل البول للكيتونات • أملاح الدم ووظائف الكلى • وظائف الكبد والغدة الدرقية (TSH) • صورة دم كاملة (CBC)","موجات صوتية لتأكيد الحمل واستبعاد التوائم أو الحمل العنقودي","مضادات القيء من الخط الأول: cyclizine, promethazine, doxylamine, pyridoxine — آمنة في الحمل، بوصفة طبية فقط • مضادات القيء من الخط الثاني: metoclopramide, ondansetron — بوصفة طبية فقط بعد تقييم الطبيب • محاليل وريدية: sodium chloride, potassium chloride — تُعطى في المستشفى • فيتامين ب1: thiamine — لمنع نقصه مع القيء الطويل","محاليل وريدية في العيادة النهارية أو بالتنويم","وجبات صغيرة متكررة • رشفات سوائل متكررة على مدار اليوم","RCOG Green-top Guideline No. 69: Nausea and Vomiting of Pregnancy and Hyperemesis Gravidarum (2016, updated 2024)","RCOG • ACOG • WHO_EML","قيد المراجعة","","","","",""
"أمراض النساء","gynecology.ovariantorsion","التواء المبيض أو انفجار كيس مبيضي","Ovarian torsion / ruptured cyst","N83.5","طوارئ فورًا","إناث فقط","ألم مفاجئ شديد في جانب الحوض مع قيء (3)","التفاف المبيض حول نفسه أو انفجار كيس فيه يسبب ألمًا مفاجئًا شديدًا في جانب الحوض مع قيء.","طوارئ فورًا: موجات صوتية دوبلر وقد يلزم منظار جراحي عاجل لإنقاذ المبيض.","","اختبار الحمل • صورة دم كاملة (CBC) • فصيلة الدم والتوافق","موجات صوتية مهبلية مع دوبلر (Doppler TVUS)","مسكنات قوية: morphine, paracetamol — تُعطى في المستشفى • مضاد للقيء: ondansetron — تُعطى في المستشفى","منظار بطني عاجل لفك الالتواء والحفاظ على المبيض • إيقاف نزيف الكيس المنفجر جراحيًا عند الحاجة","الاتصال بالإسعاف (123) فورًا • عدم الأكل أو الشرب لاحتمال الجراحة","ACOG Committee Opinion No. 783: Adnexal Torsion in Adolescents (2019)","ACOG • WHO_EML","قيد المراجعة","","","","",""
"أمراض النساء","gynecology.mastitis","التهاب الثدي أثناء الرضاعة","Lactational mastitis","O91.2","راجع الطبيب المختص","إناث فقط","احمرار وألم وسخونة في الثدي أثناء الرضاعة مع حمّى (3)","التهاب في نسيج الثدي أثناء الرضاعة بسبب احتقان الحليب أو عدوى، يسبب ألمًا واحمرارًا وحمّى.","الاستمرار في الرضاعة أو تفريغ الثدي، وكمادات ومسكنات، ومضاد حيوي آمن عند الحاجة. الكتلة المؤلمة المتموجة قد تكون خراجًا.","","زرع الحليب عند عدم التحسن أو تكرار الالتهاب","موجات صوتية على الثدي عند الاشتباه بخراج","مسكنات وخافضات حرارة: ibuprofen, paracetamol — آمنة مع الرضاعة • مضادات حيوية: flucloxacillin, cefalexin — بوصفة طبية فقط، ومتوافقة مع الرضاعة","تفريغ الخراج بالإبرة أو بشق جراحي عند وجوده • استشارة رضاعة لتصحيح وضعية الالتقام","الاستمرار في الرضاعة الطبيعية • كمادات باردة بعد الرضاعة • الراحة وشرب سوائل كافية","Academy of Breastfeeding Medicine Clinical Protocol #36: The Mastitis Spectrum (2022)","WHO • WHO_EML","قيد المراجعة","","","","",""
"أمراض النساء","gynecology.amenorrhea","انقطاع الطمث الثانوي","Secondary amenorrhea","N91.1","راجع الطبيب المختص","إناث فقط","انقطاع الدورة أكثر من 3 أشهر دون حمل (3) • عدم انتظام الدورة الشهرية (1)","انقطاع الدورة أكثر من ثلاثة أشهر لدى من كانت دورتها منتظمة، وأسبابه الحمل وتكيس المبايض والضغط النفسي ونقص الوزن واضطراب الهرمونات.","تحليل حمل أولًا، ثم هرمونات (البرولاكتين والغدة الدرقية والمبيض) وموجات صوتية لدى طبيبة النساء.","","اختبار الحمل (β-hCG) • البرولاكتين وهرمون الغدة الدرقية (TSH) • هرمونات FSH وLH والإستراديول • التستوستيرون عند وجود علامات زيادة الأندروجين","موجات صوتية على الحوض • رنين مغناطيسي على الغدة النخامية (MRI) عند ارتفاع البرولاكتين","","علاج السبب حسب نتائج الفحوص • تنظيم الوزن والتغذية وتقليل التمارين المفرطة","","ASRM Practice Committee: Current evaluation of amenorrhea","ACOG • ENDO • ESHRE","قيد المراجعة","","","","",""
"أمراض النساء","gynecology.pmb","نزيف بعد انقطاع الطمث","Postmenopausal bleeding","N95.0","فحص عاجل خلال 24 ساعة","إناث فقط","نزيف مهبلي بعد انقطاع الطمث (3)","أي نزيف بعد مرور سنة على انقطاع الطمث يحتاج إلى فحص لاستبعاد أمراض بطانة الرحم، وهذا ليس تشخيصًا.","موجات صوتية مهبلية وقد تلزم عينة من بطانة الرحم لدى طبيبة النساء خلال أيام.","","صورة دم كاملة (CBC)","موجات صوتية مهبلية (TVUS) لقياس سُمك بطانة الرحم","","خزعة من بطانة الرحم (Endometrial biopsy) • تنظير الرحم (Hysteroscopy) مع أخذ عينة","","NICE NG12 Suspected cancer: recognition and referral (2015, updated)","NICE • ACOG","قيد المراجعة","","","","",""
"الصحة الجنسية والعدوى المنقولة جنسيًا","sexual.pep","تعرّض حديث يستدعي الوقاية بعد التعرّض","HIV post-exposure prophylaxis","Z20.6","طوارئ فورًا","الجنسان","تعرّض محتمل لعدوى (علاقة دون واقٍ أو وخز إبرة) خلال آخر 72 ساعة (3) • علاقة جنسية دون واقٍ مع شريك جديد أو غير معروف الحالة (1)","بعد التعرض المحتمل لفيروس نقص المناعة البشرية يمكن منع العدوى بدواء وقائي (PEP) إذا بدأ خلال 72 ساعة، وكلما كان أبكر كان أفضل.","توجّه اليوم إلى قسم الطوارئ أو مركز الأمراض المعدية واطلب «العلاج الوقائي بعد التعرض». الخدمة سرية، ويُستكمل الدواء 28 يومًا مع تحاليل متابعة.","","فحص فيروس نقص المناعة (HIV) الأساسي • التهاب الكبد B وC • وظائف الكلى • اختبار الحمل وفحص الأمراض المنقولة جنسيًا","","مضادات الفيروسات القهقرية: tenofovir disoproxil, lamivudine, dolutegravir — تُبدأ في المستشفى خلال 72 ساعة وتُستكمل 28 يومًا، بوصفة طبية فقط • منع الحمل الطارئ عند الحاجة: levonorgestrel — تُعطى في المستشفى بعد الاعتداء الجنسي حسب الحالة","تقييم نوع التعرض وخطورته • تطعيم التهاب الكبد B عند الحاجة • تحاليل متابعة بعد انتهاء العلاج","غسل الجرح أو المنطقة بالماء والصابون فورًا • التوجه إلى الطوارئ فورًا دون انتظار","WHO Guidelines for HIV post-exposure prophylaxis (2024)","WHO • CDC • WHO_EML","قيد المراجعة","","","","",""
"الصحة الجنسية والعدوى المنقولة جنسيًا","sexual.gonorrhea","السيلان","Gonorrhea","A54.9","فحص عاجل خلال 24 ساعة","الجنسان","إفرازات من القضيب (3) • إفرازات مهبلية غير معتادة في اللون أو الرائحة (2) • حرقان أثناء التبول بعد علاقة جنسية (3) • علاقة جنسية دون واقٍ مع شريك جديد أو غير معروف الحالة (1)","عدوى بكتيرية منقولة جنسيًا تسبب إفرازات صديدية وحرقانًا في البول، وقد تكون بلا أعراض عند النساء.","مضاد حيوي بالحقن يحدده الطبيب، مع فحص الكلاميديا وعلاج الشريك، والامتناع عن العلاقة حتى انتهاء العلاج. الإهمال قد يسبب العقم.","يُفحص عادةً مع الكلاميديا لأنهما يجتمعان كثيرًا.","فحص الحمض النووي (NAAT) من البول أو المسحة • زرع واختبار حساسية للمضادات الحيوية • فحص الكلاميديا • فحص الأمراض المنقولة جنسيًا الأخرى (HIV والزهري والتهاب الكبد B)","","مضاد حيوي بالحقن: ceftriaxone — بوصفة طبية فقط • مضاد حيوي للكلاميديا إن لم تُستبعد: doxycycline — بوصفة طبية فقط، ولا يُعطى في الحمل","إبلاغ الشريك وفحصه وعلاجه • إعادة الفحص بعد 3 أشهر","الامتناع عن العلاقة 7 أيام بعد العلاج","CDC Sexually Transmitted Infections Treatment Guidelines, 2021","CDC • WHO • WHO_EML","قيد المراجعة","","","","",""
"الصحة الجنسية والعدوى المنقولة جنسيًا","sexual.chlamydia","الكلاميديا","Chlamydia","A56.2","راجع الطبيب المختص","الجنسان","إفرازات من القضيب (2) • إفرازات مهبلية غير معتادة في اللون أو الرائحة (3) • حرقان أثناء التبول بعد علاقة جنسية (2) • ألم أثناء العلاقة الجنسية (1) • علاقة جنسية دون واقٍ مع شريك جديد أو غير معروف الحالة (1)","أشيع عدوى بكتيرية منقولة جنسيًا، وكثيرًا ما تكون صامتة، وقد تسبب التهاب الحوض والعقم إذا لم تُعالج.","مضاد حيوي بالفم (جرعة أو أسبوع) مع علاج الشريك وإعادة الفحص بعد ثلاثة أشهر.","","فحص الحمض النووي (NAAT) من البول أو المسحة • فحص السيلان • فحص الأمراض المنقولة جنسيًا الأخرى (HIV والزهري والتهاب الكبد B)","","مضاد حيوي (الخيار الأول): doxycycline — بوصفة طبية فقط، ولا يُعطى في الحمل • بدائل في الحمل: azithromycin, amoxicillin — بوصفة طبية فقط","علاج الشريك • إعادة الفحص بعد 3 أشهر","الامتناع عن العلاقة 7 أيام وحتى علاج الشريك","CDC Sexually Transmitted Infections Treatment Guidelines, 2021","CDC • WHO • WHO_EML","قيد المراجعة","","","","",""
"الصحة الجنسية والعدوى المنقولة جنسيًا","sexual.syphilis1","الزهري — المرحلة الأولى","Primary syphilis","A51.0","فحص عاجل خلال 24 ساعة","الجنسان","قرحة غير مؤلمة على الأعضاء التناسلية أو الفم (3) • علاقة جنسية دون واقٍ مع شريك جديد أو غير معروف الحالة (1)","عدوى بكتيرية تمر بمراحل: تبدأ بقرحة واحدة غير مؤلمة (القرح الصلب) تختفي وحدها بعد أسابيع رغم استمرار العدوى.","تحليل دم للزهري، والعلاج حقنة بنسلين طويلة المفعول تشفي المرض في مراحله المبكرة. يجب فحص الشريك وعلاجه.","المراحل: الأولى (قرحة) ← الثانية (طفح وحمّى) ← الكامنة (بلا أعراض) ← المتأخرة (تصيب القلب والأعصاب).","تحليل الزهري غير اللولبي (RPR/VDRL) • تحليل الزهري اللولبي (TPPA/EIA) • فحص فيروس نقص المناعة (HIV)","","بنسلين طويل المفعول بالحقن: benzathine benzylpenicillin — بوصفة طبية فقط؛ أخبر الطبيب بأي حساسية للبنسلين • بديل عند حساسية البنسلين: doxycycline — بوصفة طبية فقط، ولا يُعطى في الحمل","فحص الشريك وعلاجه • متابعة تحليل RPR بعد 6 و12 شهرًا","الامتناع عن العلاقة حتى اكتمال العلاج","CDC Sexually Transmitted Infections Treatment Guidelines, 2021","CDC • WHO • WHO_EML","قيد المراجعة","","","","",""
"الصحة الجنسية والعدوى المنقولة جنسيًا","sexual.syphilis2","الزهري — المرحلة الثانية","Secondary syphilis","A51.3","فحص عاجل خلال 24 ساعة","الجنسان","طفح على الكفين وباطن القدمين مع حمّى وتضخم الغدد (3) • قرحة غير مؤلمة على الأعضاء التناسلية أو الفم (1)","تظهر بعد أسابيع إلى أشهر من القرحة: طفح لا يسبب حكة على الكفين وباطن القدمين مع حمّى وتضخم الغدد.","تحليل دم وعلاج بالبنسلين يشفي المرض، مع متابعة التحاليل وعلاج الشريك.","","تحليل الزهري غير اللولبي (RPR/VDRL) • تحليل الزهري اللولبي (TPPA/EIA) • فحص فيروس نقص المناعة (HIV)","","بنسلين طويل المفعول بالحقن: benzathine benzylpenicillin — بوصفة طبية فقط؛ أخبر الطبيب بأي حساسية للبنسلين • بديل عند حساسية البنسلين: doxycycline — بوصفة طبية فقط، ولا يُعطى في الحمل","فحص الشريك وعلاجه • متابعة تحليل RPR بعد 6 و12 شهرًا • فحص عصبي وعيني عند وجود أعراض","الامتناع عن العلاقة حتى اكتمال العلاج","CDC Sexually Transmitted Infections Treatment Guidelines, 2021","CDC • WHO • WHO_EML","قيد المراجعة","","","","",""
"الصحة الجنسية والعدوى المنقولة جنسيًا","sexual.herpes","الهربس التناسلي","Genital herpes","A60.0","راجع الطبيب المختص","الجنسان","فقاعات صغيرة مؤلمة تتحول إلى قروح على الأعضاء التناسلية (3) • حكة في المنطقة التناسلية (1) • حرقان أثناء التبول بعد علاقة جنسية (1)","عدوى فيروسية تسبب نوبات من الفقاعات المؤلمة التي تتقرح ثم تلتئم، وتبقى كامنة في الأعصاب وقد تتكرر.","مضادات الفيروسات تقصّر النوبة وتقلل تكرارها والعدوى. تجنّب العلاقة أثناء النوبة، والواقي يقلل الانتقال.","","فحص الحمض النووي (PCR) من مسحة القرحة • فحص الأمراض المنقولة جنسيًا الأخرى (HIV والزهري والتهاب الكبد B)","","مضادات الفيروسات: aciclovir, valaciclovir — بوصفة طبية فقط؛ للنوبة أو كعلاج وقائي للنوبات المتكررة • مسكن بسيط: paracetamol","علاج وقائي مستمر عند تكرار النوبات","تجنّب العلاقة أثناء النوبة • استخدام الواقي لتقليل الانتقال • كمادات وماء دافئ مع ملح لتخفيف الألم","CDC Sexually Transmitted Infections Treatment Guidelines, 2021","CDC • WHO_EML","قيد المراجعة","","","","",""
"الصحة الجنسية والعدوى المنقولة جنسيًا","sexual.warts","الثآليل التناسلية (فيروس الورم الحليمي)","Genital warts (HPV)","A63.0","راجع الطبيب المختص","الجنسان","زوائد لحمية (ثآليل) على الأعضاء التناسلية أو حول الشرج (3) • حكة في المنطقة التناسلية (1)","زوائد جلدية يسببها فيروس الورم الحليمي البشري (HPV)، وبعض أنواعه مرتبط بسرطان عنق الرحم.","علاج موضعي أو كيّ بالتبريد أو الليزر لدى طبيب الجلدية أو النساء أو المسالك. لقاح HPV يقي من أخطر الأنواع، وتحتاج المرأة إلى مسحة عنق الرحم الدورية.","","فحص الأمراض المنقولة جنسيًا الأخرى (HIV والزهري والتهاب الكبد B) • مسحة عنق الرحم للنساء حسب برنامج الفحص الدوري","","علاجات موضعية: imiquimod, podophyllotoxin — بوصفة طبية فقط، ولا تُستخدم في الحمل","الكيّ بالتبريد (Cryotherapy) • الإزالة الجراحية أو بالليزر • لقاح فيروس الورم الحليمي (HPV) للفئات المؤهلة","استخدام الواقي • عدم محاولة إزالة الثآليل منزليًا","CDC Sexually Transmitted Infections Treatment Guidelines, 2021","CDC • AAD","قيد المراجعة","","","","",""
"الصحة الجنسية والعدوى المنقولة جنسيًا","sexual.trich","داء المشعّرات","Trichomoniasis","A59.0","راجع الطبيب المختص","الجنسان","إفرازات صفراء مخضرة رغوية (3) • حكة في المنطقة التناسلية (2) • حرقان أثناء التبول بعد علاقة جنسية (1)","عدوى طفيلية منقولة جنسيًا تسبب إفرازات صفراء مخضرة رغوية وحكة، وقد تكون بلا أعراض عند الرجال.","دواء مضاد للطفيليات بالفم للمريض والشريك معًا، مع تجنّب العلاقة حتى انتهاء العلاج.","","فحص الحمض النووي (NAAT) أو فحص الإفرازات بالمجهر • فحص الأمراض المنقولة جنسيًا الأخرى (HIV والزهري والتهاب الكبد B)","","مضاد للطفيليات: metronidazole, tinidazole — بوصفة طبية فقط للمريض والشريك؛ تجنّب الكحول أثناء العلاج","علاج الشريك في الوقت نفسه • إعادة الفحص للنساء بعد 3 أشهر","الامتناع عن العلاقة حتى انتهاء علاج الطرفين","CDC Sexually Transmitted Infections Treatment Guidelines, 2021","CDC • WHO_EML","قيد المراجعة","","","","",""
"الصحة الجنسية والعدوى المنقولة جنسيًا","sexual.candida","الفطريات المهبلية","Vaginal candidiasis","B37.3","رعاية منزلية ومتابعة","إناث فقط","إفرازات بيضاء كثيفة كالجبن مع حكة شديدة (3) • حكة في المنطقة التناسلية (2)","فرط نمو فطر الكانديدا في المهبل، شائع وليس عدوى منقولة جنسيًا بالضرورة، ويزداد مع المضادات الحيوية والسكري والحمل.","تحاميل أو كريم مضاد للفطريات أو قرص بالفم. النوبات المتكررة (أربع مرات سنويًا فأكثر) تستدعي فحص السكر ومراجعة الطبيبة.","","فحص الإفرازات بالمجهر عند الشك أو التكرار • الهيموجلوبين السكري (HbA1c) عند تكرار النوبات","","مضادات فطريات مهبلية: clotrimazole, miconazole — استشيري الطبيبة إذا كنتِ حاملًا • مضاد فطريات بالفم: fluconazole — بوصفة طبية فقط، ولا يُستخدم في الحمل","علاج وقائي طويل للنوبات المتكررة يقرره الطبيب","ارتداء ملابس داخلية قطنية • تجنّب الدش المهبلي والغسولات المعطّرة","CDC Sexually Transmitted Infections Treatment Guidelines, 2021","CDC • WHO_EML","قيد المراجعة","","","","",""
"الصحة الجنسية والعدوى المنقولة جنسيًا","sexual.bv","التهاب المهبل البكتيري","Bacterial vaginosis","N76.0","راجع الطبيب المختص","إناث فقط","إفرازات رمادية رقيقة برائحة تشبه السمك (3) • إفرازات مهبلية غير معتادة في اللون أو الرائحة (1)","خلل في توازن البكتيريا الطبيعية بالمهبل يسبب إفرازات رمادية برائحة سمكية، وهو أشيع أسباب الإفرازات.","مضاد حيوي بالفم أو موضعي تصفه الطبيبة، وتجنّب الدش المهبلي والغسولات المعطّرة.","","فحص الإفرازات بالمجهر وقياس الحموضة (pH)","","مضادات حيوية بالفم أو موضعية: metronidazole, clindamycin (vaginal) — بوصفة طبية فقط؛ تجنّبي الكحول مع الميترونيدازول","","تجنّب الدش المهبلي والغسولات المعطّرة","CDC Sexually Transmitted Infections Treatment Guidelines, 2021","CDC • WHO_EML","قيد المراجعة","","","","",""
"الصحة الجنسية والعدوى المنقولة جنسيًا","sexual.epididymitis","التهاب البربخ","Epididymitis","N45.9","فحص عاجل خلال 24 ساعة","ذكور فقط","ألم وتورّم تدريجي في الخصية مع حرقان في البول (3) • حرقان أثناء التبول بعد علاقة جنسية (1) • علاقة جنسية دون واقٍ مع شريك جديد أو غير معروف الحالة (1)","التهاب في الأنبوب الملتف خلف الخصية، غالبًا بسبب الكلاميديا أو السيلان لدى الشباب أو عدوى بولية لدى الأكبر سنًا.","مضاد حيوي يحدده الطبيب ورفع الخصية وكمادات باردة. الألم المفاجئ الشديد يجب أن يُستبعد فيه التواء الخصية فورًا.","","تحليل البول وزرعه • فحص الكلاميديا والسيلان (NAAT) • فحص الأمراض المنقولة جنسيًا الأخرى (HIV والزهري والتهاب الكبد B)","موجات صوتية دوبلر على الصفن لاستبعاد التواء الخصية","مضادات حيوية: ceftriaxone, doxycycline, levofloxacin — بوصفة طبية فقط، ويحدد الطبيب الاختيار حسب السبب والعمر • مسكنات مضادة للالتهاب: ibuprofen","استكشاف جراحي عاجل إذا لم يُستبعد التواء الخصية • علاج الشريك إذا كان السبب منقولًا جنسيًا","رفع الصفن بملابس داخلية داعمة • كمادات باردة والراحة","CDC Sexually Transmitted Infections Treatment Guidelines, 2021","CDC • EAU • WHO_EML","قيد المراجعة","","","","",""
"الصحة الجنسية والعدوى المنقولة جنسيًا","sexual.hiv","عدوى فيروس نقص المناعة البشرية (فحص مطلوب)","HIV infection","B24","فحص عاجل خلال 24 ساعة","الجنسان","حمّى وتعرّق ليلي وتضخم الغدد وفقدان وزن مستمر (3) • علاقة جنسية دون واقٍ مع شريك جديد أو غير معروف الحالة (2)","فيروس يضعف المناعة تدريجيًا. مع العلاج الحديث يعيش المصاب حياة طبيعية تقريبًا، ولا ينقل العدوى إذا أصبح الفيروس غير قابل للقياس.","فحص سري ومجاني في مراكز المشورة والفحص الطوعي. العلاج المضاد للفيروسات متاح ويُبدأ فور التشخيص.","هذه الأعراض لها أسباب كثيرة؛ والفحص وحده هو الذي يحسم.","فحص HIV التأكيدي • الحمل الفيروسي (Viral load) وعدد خلايا CD4 • التهاب الكبد B وC وفحص السل • وظائف الكلى والكبد","أشعة سينية على الصدر لاستبعاد السل","مضادات الفيروسات القهقرية: tenofovir disoproxil, lamivudine, dolutegravir — علاج مستمر مدى الحياة بوصفة طبية فقط مع متابعة منتظمة • وقاية من العدوى الانتهازية: sulfamethoxazole + trimethoprim — بوصفة طبية فقط، حسب عدد خلايا CD4","بدء العلاج يوم التشخيص أو بأسرع وقت • فحص الشريك وتقديم الوقاية قبل التعرض (PrEP) • دعم الالتزام بالدواء","الالتزام اليومي بالدواء دون انقطاع • استخدام الواقي حتى يصبح الفيروس غير قابل للقياس","WHO Consolidated guidelines on HIV prevention, testing, treatment, service delivery and monitoring (2021)","WHO • WHO_EML • CDC","قيد المراجعة","","","","",""
"طب المسنين","geriatric.delirium","الهذيان الحاد","Delirium","F05.9","طوارئ فورًا","الجنسان","تشوّش مفاجئ في التفكير أو الوعي خلال ساعات أو أيام (3) • صعوبة في النوم (1)","تغيّر مفاجئ في الوعي والانتباه لدى كبار السن، غالبًا بسبب عدوى أو جفاف أو دواء، وهو ليس خرفًا.","فحص طارئ لتحديد السبب (التهاب البول أو الصدر، الجفاف، الأدوية) وعلاجه، ويتحسن بعلاج السبب.","","تحليل البول وزرعه • صورة دم كاملة (CBC) وبروتين سي التفاعلي (CRP) • أملاح الدم ووظائف الكلى والكبد • سكر الدم","أشعة سينية على الصدر • أشعة مقطعية على الرأس (CT) عند السقوط أو علامات عصبية","مضاد ذهان لفترة قصيرة: haloperidol — تُعطى في المستشفى للهياج الشديد الخطِر فقط، ولأقصر مدة","علاج السبب (عدوى أو جفاف أو احتباس بول أو إمساك) • مراجعة الأدوية وإيقاف المسبِّب منها • إجراءات غير دوائية: توجيه وإضاءة ونظارات وسماعات","الاتصال بالإسعاف (123) عند التغير المفاجئ في الوعي • إحضار قائمة بكل الأدوية • بقاء أحد أفراد الأسرة بجانب المريض","NICE CG103 Delirium: prevention, diagnosis and management in hospital and long-term care (2010, updated 2023)","NICE • WHO_EML","قيد المراجعة","","","","",""
"طب المسنين","geriatric.dementia","الخرف أو مرض ألزهايمر","Dementia","G30.9","راجع الطبيب المختص","الجنسان","نسيان متكرر يؤثر في الحياة اليومية (3) • ضعف في التوازن والمشي أو سقوط متكرر (1)","تدهور تدريجي على مدى شهور وسنوات في الذاكرة والقدرات الذهنية يؤثر في الحياة اليومية.","تقييم لدى طبيب الأعصاب أو المسنين لاستبعاد أسباب قابلة للعلاج (فيتامين ب12، الغدة الدرقية)، وأدوية تبطئ التطور، ودعم الأسرة.","","صورة دم كاملة (CBC) • فيتامين ب12 وحمض الفوليك • هرمون الغدة الدرقية (TSH) • أملاح الدم ووظائف الكلى والكبد وسكر الدم","رنين مغناطيسي (MRI) أو أشعة مقطعية (CT) على الدماغ","مثبطات الكولينستراز: donepezil, rivastigmine, galantamine — بوصفة طبية فقط لمرض ألزهايمر الخفيف إلى المتوسط • مضاد مستقبلات NMDA: memantine — بوصفة طبية فقط للمراحل المتوسطة إلى الشديدة","اختبارات معرفية لتقييم الذاكرة • أنشطة التحفيز المعرفي • دعم وتدريب مقدمي الرعاية • التخطيط المسبق للرعاية","روتين يومي ثابت ونشاط بدني واجتماعي","NICE NG97 Dementia: assessment, management and support for people living with dementia and their carers (2018)","NICE • AAN • WHO","قيد المراجعة","","","","",""
"طب المسنين","geriatric.frailty","الوهن المرتبط بالتقدم في العمر","Frailty","R54","راجع الطبيب المختص","الجنسان","ضعف عضلي وهزال عام (3) • ضعف في التوازن والمشي أو سقوط متكرر (2)","تراجع تدريجي في قوة العضلات والتوازن يزيد خطر السقوط.","تمارين تقوية وتوازن، وغذاء غني بالبروتين، وفيتامين د، ومراجعة الأدوية مع طبيب المسنين.","","صورة دم كاملة (CBC) • فيتامين د • وظائف الكلى والغدة الدرقية (TSH)","","فيتامين د عند ثبوت نقصه: colecalciferol","تقييم شامل لكبار السن (CGA) • برنامج تمارين مقاومة وتوازن بإشراف علاج طبيعي • مراجعة الأدوية وتقييم خطر السقوط","غذاء غني بالبروتين • المشي وتمارين التقوية بانتظام","ICFSR International Clinical Practice Guidelines for Physical Frailty: Identification and Management (2019)","WHO • NICE • WHO_EML","قيد المراجعة","","","","",""
"طب المسنين","geriatric.incontinence","سلس البول","Urinary incontinence","R32","راجع الطبيب المختص","الجنسان","تسرّب البول لا إراديًا (3)","فقدان التحكم في البول جزئيًا أو كليًا، وهو شائع مع التقدم في العمر.","تمارين قاع الحوض، وتنظيم مواعيد دخول الحمام، وأدوية أو حلول أخرى حسب النوع.","","تحليل البول (Urinalysis) • مفكرة المثانة لمدة 3 أيام","موجات صوتية لقياس البول المتبقي بعد التبول","مضادات المسكارين لسلس الإلحاح: oxybutynin, solifenacin — بوصفة طبية فقط؛ بحذر لدى كبار السن لتأثيرها على الذاكرة • ناهض مستقبلات بيتا-3: mirabegron — بوصفة طبية فقط، بديل مناسب لكبار السن","تمارين قاع الحوض بإشراف مختص لمدة 3 أشهر • تدريب المثانة لمدة 6 أسابيع على الأقل • جراحة لسلس الإجهاد عند فشل العلاج المحافظ","تنظيم السوائل وتقليل الكافيين • إنقاص الوزن الزائد","NICE NG123 Urinary incontinence and pelvic organ prolapse in women: management (2019); EAU Guidelines on Urinary Incontinence","NICE • EAU • AUA","قيد المراجعة","","","","",""
"طب المسنين","geriatric.orthostatic","انخفاض الضغط الانتصابي","Orthostatic hypotension","I95.1","راجع الطبيب المختص","الجنسان","دوخة عند النهوض المفاجئ من الجلوس أو النوم (3) • ضعف في التوازن والمشي أو سقوط متكرر (1)","هبوط مفاجئ في ضغط الدم عند الوقوف بسرعة يسبب دوخة وخطر السقوط.","النهوض على مراحل، وشرب سوائل كافية، ومراجعة أدوية الضغط والبروستاتا مع الطبيب لأنها سبب شائع.","","قياس ضغط الدم مستلقيًا ثم واقفًا • تخطيط القلب الكهربائي (ECG) • صورة دم كاملة (CBC) وأملاح الدم وسكر الدم","","رافعات الضغط: midodrine, fludrocortisone — بوصفة طبية فقط عند فشل الإجراءات غير الدوائية، مع مراقبة الضغط مستلقيًا","مراجعة الأدوية وتعديل أدوية الضغط والبروستاتا • جوارب ضاغطة أو حزام بطني","النهوض على مراحل (الجلوس ثم الوقوف ببطء) • شرب سوائل كافية • رفع رأس السرير قليلًا","ESC 2018 Guidelines for the diagnosis and management of syncope","ESC • AAN","قيد المراجعة","","","","",""
"طب المسنين","geriatric.pressureulcer","قرح الفراش","Pressure ulcer","L89.9","راجع الطبيب المختص","الجنسان","قرحة أو احمرار ثابت في الجلد فوق العظام لدى مريض طريح الفراش (3)","تلف الجلد والأنسجة فوق نتوءات العظام بسبب الضغط المستمر لدى طريحي الفراش، ويُصنّف في أربع مراحل.","تغيير الوضعية كل ساعتين، ومرتبة هوائية، وتغذية جيدة، والعناية بالجرح لدى ممرض أو طبيب. الحمّى أو الرائحة تستدعي فحصًا.","","صورة دم كاملة (CBC) وتقييم تغذوي (الألبومين) • زرع من الجرح عند الاشتباه بعدوى • سكر الدم","أشعة سينية أو رنين مغناطيسي (MRI) لاستبعاد التهاب العظم","مسكن للألم أثناء العناية بالجرح: paracetamol","تنظيف الجرح وإزالة الأنسجة الميتة (Debridement) • ضمادات مناسبة لمرحلة القرحة • مراتب وأسطح لتوزيع الضغط • جراحة ترقيع للمراحل المتقدمة","تغيير الوضعية بانتظام • إبقاء الجلد نظيفًا وجافًا • تغذية غنية بالبروتين والسوائل","NICE CG179 Pressure ulcers: prevention and management (2014)","NICE","قيد المراجعة","","","","",""
"طب المسنين","geriatric.polypharmacy","تعدد الأدوية وتداخلاتها","Polypharmacy","Y57.9","راجع الطبيب المختص","الجنسان","تناول 5 أدوية أو أكثر يوميًا مع دوخة أو تشوش (3) • دوخة عند النهوض المفاجئ من الجلوس أو النوم (1)","تناول أدوية كثيرة في وقت واحد يزيد خطر الآثار الجانبية والتداخلات والسقوط لدى كبار السن.","احمل قائمة بكل أدويتك (ومنها الأعشاب) إلى الطبيب أو الصيدلي لمراجعتها وإيقاف غير الضروري.","","وظائف الكلى (eGFR) والكبد • أملاح الدم • مستوى الدواء في الدم لبعض الأدوية عند الحاجة","","","مراجعة دوائية منظّمة بمعايير STOPP/START أو Beers • إيقاف تدريجي للأدوية غير الضرورية بإشراف الطبيب • تبسيط مواعيد الجرعات","الاحتفاظ بقائمة محدثة لكل الأدوية والأعشاب • عدم إيقاف أي دواء دون استشارة الطبيب","American Geriatrics Society Beers Criteria (2023 update); NICE NG5 Medicines optimisation (2015)","NICE • WHO","قيد المراجعة","","","","",""
"طب المسنين","geriatric.malnutrition","سوء التغذية لدى المسنين","Malnutrition in older adults","E46","راجع الطبيب المختص","الجنسان","فقدان الشهية ونقص الوزن غير المقصود لدى مسن (3) • ضعف عضلي وهزال عام (1)","نقص التغذية بسبب ضعف الشهية أو الأسنان أو الاكتئاب أو الأمراض، ويزيد الضعف والسقوط.","تقييم غذائي وفحص الأسنان والاكتئاب والأمراض الخفية، ووجبات صغيرة غنية بالبروتين، ومكملات عند الحاجة.","","صورة دم كاملة (CBC) والألبومين • فيتامين ب12 وحمض الفوليك وفيتامين د • هرمون الغدة الدرقية (TSH) وأملاح الدم","","فيتامين د عند ثبوت نقصه: colecalciferol","تقييم غذائي (MNA أو MUST) لدى أخصائي تغذية • مكملات غذائية فموية عالية البروتين والطاقة • فحص الأسنان والبلع والاكتئاب","وجبات صغيرة متكررة غنية بالبروتين • تناول الطعام مع الآخرين","ESPEN guideline on clinical nutrition and hydration in geriatrics (2022); NICE CG32 Nutrition support for adults","NICE • WHO","قيد المراجعة","","","","",""
"العيوب الخلقية والوراثية","congenital.chd","عيوب القلب الخلقية","Congenital heart defect","Q24.9","راجع الطبيب المختص","الجنسان","مشكلة قلبية اكتُشفت مبكرًا أو ازرقاق (3) • تاريخ عائلي لأمراض وراثية أو زواج أقارب (1)","تشوهات في بنية القلب موجودة منذ الولادة، تتراوح بين البسيطة والخطيرة.","موجات صوتية على القلب (إيكو) لدى طبيب قلب الأطفال؛ والعلاج من المتابعة إلى القسطرة أو الجراحة. الازرقاق الشديد أو صعوبة الرضاعة مع النهجان يستدعيان الطوارئ.","","قياس تشبّع الأكسجين (Pulse oximetry) • تخطيط القلب الكهربائي (ECG) • فحص جيني عند الاشتباه بمتلازمة مرافقة","موجات صوتية على القلب (Echocardiography) • أشعة سينية على الصدر • رنين مغناطيسي على القلب (Cardiac MRI) عند الحاجة","مدرّات البول لقصور القلب: furosemide — بوصفة طبية فقط؛ الجرعة حسب الوزن يحددها طبيب الأطفال • بروستاغلاندين لإبقاء القناة الشريانية مفتوحة: alprostadil — تُعطى في المستشفى لحديثي الولادة في عيوب محددة","قسطرة قلبية علاجية • جراحة القلب لإصلاح العيب • متابعة دورية لدى طبيب قلب الأطفال","","AHA/ACC Guideline for the Management of Adults With Congenital Heart Disease (2018); AAP newborn pulse oximetry screening for critical CHD","ACC_AHA • ESC • AAP • WHO_EML","قيد المراجعة","","","","",""
"العيوب الخلقية والوراثية","congenital.metabolic","أمراض التمثيل الغذائي الوراثية","Inborn errors of metabolism","E88.9","راجع الطبيب المختص","الجنسان","تأخر في النمو الحركي (الجلوس أو المشي) (2) • تاريخ عائلي لأمراض وراثية أو زواج أقارب (2)","خلل وراثي في قدرة الجسم على تكسير مواد غذائية معينة.","تحاليل متخصصة مبكرًا (ومنها فحص حديثي الولادة)، والعلاج غالبًا نظام غذائي خاص أو أدوية.","","فحص حديثي الولادة (Newborn screening) • الأحماض الأمينية في الدم والأحماض العضوية في البول • الأمونيا واللاكتات وسكر الدم • التحليل الجيني التأكيدي","","","نظام غذائي علاجي خاص بإشراف أخصائي تغذية • متابعة لدى طبيب الأمراض الاستقلابية الوراثية • استشارة وراثية للأسرة","","ACMG newborn screening ACT sheets and confirmatory algorithms","AAP • WHO","قيد المراجعة","","","","",""
"العيوب الخلقية والوراثية","congenital.skeletal","التشوهات الهيكلية الخلقية","Congenital musculoskeletal malformation","Q79.9","راجع الطبيب المختص","الجنسان","تشوّه ظاهر منذ الولادة في الأطراف أو العمود الفقري (3)","تشوهات في العظام أو الأطراف تتكوّن أثناء نمو الجنين.","تقييم لدى طبيب عظام الأطفال؛ والعلاج من الجبس والعلاج الطبيعي إلى الجراحة.","","تحليل جيني عند الاشتباه بمتلازمة","أشعة سينية على العظام المصابة • موجات صوتية على الورك للرضّع (خلع الورك الولادي)","","الجبس التدريجي بطريقة بونسيتي للقدم الحنفاء • حزام بافليك لخلع الورك الولادي • علاج طبيعي • جراحة تصحيحية عند الحاجة","","AAOS Clinical Practice Guideline: Detection and Nonoperative Management of Pediatric Developmental Dysplasia of the Hip (2014)","AAOS • AAP","قيد المراجعة","","","","",""
"العيوب الخلقية والوراثية","congenital.down","متلازمة داون","Down syndrome","Q90.9","راجع الطبيب المختص","الجنسان","ملامح وجه مميزة مع تأخر في النمو الذهني (3) • تأخر في النمو الحركي (الجلوس أو المشي) (1) • مشكلة قلبية اكتُشفت مبكرًا أو ازرقاق (1)","اختلاف وراثي ناتج عن نسخة إضافية من الكروموسوم 21، يؤثر في النمو الذهني والجسدي.","لا علاج للسبب، لكن التدخل المبكر (علاج طبيعي وتخاطب وتعليم) ومتابعة القلب والغدة الدرقية يحسّنان جودة الحياة كثيرًا.","","تحليل الكروموسومات (Karyotype) • هرمون الغدة الدرقية (TSH) دوريًا • صورة دم كاملة (CBC) • فحص السمع والنظر","موجات صوتية على القلب (Echocardiography) لكل مولود","هرمون الغدة الدرقية عند ثبوت القصور: levothyroxine — بوصفة طبية فقط؛ الجرعة حسب الوزن يحددها طبيب الأطفال","تدخّل مبكر: علاج طبيعي وتخاطب وعلاج وظيفي • جراحة القلب عند وجود عيب • متابعة دورية وفق جدول الرعاية الخاص","","AAP Clinical Report: Health Supervision for Children and Adolescents With Down Syndrome (2022)","AAP • WHO_EML","قيد المراجعة","","","","",""
"العيوب الخلقية والوراثية","congenital.cleft","الشفة المشقوقة وشق سقف الحلق","Cleft lip and palate","Q37.9","راجع الطبيب المختص","الجنسان","شق في الشفة العليا أو سقف الحلق منذ الولادة (3)","عدم اكتمال التحام الشفة العليا أو سقف الحلق أثناء تكوّن الجنين.","جراحة تصحيحية في الشهور الأولى بنتائج ممتازة، مع متابعة الرضاعة والنطق.","","تقييم السمع • فحص جيني عند وجود تشوهات أخرى","","","جراحة إصلاح الشفة في الشهور الأولى • جراحة إصلاح سقف الحلق قبل اكتمال السنة الأولى غالبًا • علاج التخاطب وتقويم الأسنان • زجاجات وحلمات خاصة لتسهيل الرضاعة","","ACPA Parameters for Evaluation and Treatment of Patients with Cleft Lip/Palate or Other Craniofacial Differences","AAP • AAO_HNS","قيد المراجعة","","","","",""
"العيوب الخلقية والوراثية","congenital.cf","التليّف الكيسي","Cystic fibrosis","E84.9","راجع الطبيب المختص","الجنسان","سعال مزمن والتهابات صدر متكررة مع إسهال دهني وعرق مالح (3)","مرض وراثي يجعل الإفرازات لزجة فتسد الرئتين والبنكرياس، مسببًا التهابات صدر متكررة وسوء امتصاص.","اختبار العرق والتحليل الجيني، وعلاج طبيعي للصدر وإنزيمات هاضمة ومضادات حيوية، وأدوية حديثة تعالج الخلل الأساسي.","","اختبار كلوريد العرق (Sweat test) • التحليل الجيني لجين CFTR • زرع البلغم • إيلاستاز البراز ووظائف الرئة","أشعة سينية أو مقطعية (CT) على الصدر","إنزيمات البنكرياس الهاضمة: pancreatin (pancrelipase) — مع كل وجبة؛ الجرعة حسب الوزن يحددها طبيب الأطفال • مذيب للمخاط: dornase alfa — بوصفة طبية فقط • معدِّلات بروتين CFTR: elexacaftor, tezacaftor, ivacaftor — بوصفة طبية فقط من الاختصاصي، لطفرات محددة • مضادات حيوية بالاستنشاق: tobramycin (inhaled) — بوصفة طبية فقط","علاج طبيعي يومي لتنظيف الصدر • متابعة في مركز متخصص بالتليف الكيسي • دعم غذائي ومكملات الفيتامينات الذائبة في الدهون","","NICE NG78 Cystic fibrosis: diagnosis and management (2017)","NICE • ERS • ATS • WHO_EML","قيد المراجعة","","","","",""
"العيوب الخلقية والوراثية","congenital.turner","متلازمة تيرنر","Turner syndrome","Q96.9","راجع الطبيب المختص","إناث فقط","قِصر القامة لدى فتاة مع تأخر البلوغ (3)","حالة وراثية لدى الإناث بسبب نقص كروموسوم X، تسبب قِصر القامة وضعف عمل المبيضين وأحيانًا عيوب القلب.","تحليل الكروموسومات، وهرمون النمو في الطفولة، وتعويض هرموني للبلوغ، ومتابعة القلب والكلى.","","تحليل الكروموسومات (Karyotype) • هرمونات FSH وLH • هرمون الغدة الدرقية (TSH) والهيموجلوبين السكري (HbA1c) • وظائف الكبد","موجات صوتية أو رنين مغناطيسي على القلب • موجات صوتية على الكلى","هرمون النمو: somatropin — في الطفولة بوصفة طبية فقط من طبيب الغدد • تعويض الإستروجين لبدء البلوغ: estradiol — هرمون بوصفة طبية فقط بإشراف طبيب الغدد","متابعة دورية للقلب والسمع والكلى • استشارة خصوبة مبكرة","","International Turner Syndrome Consensus Group clinical practice guidelines (2024)","ENDO • ESHRE","قيد المراجعة","","","","",""
"العيوب الخلقية والوراثية","congenital.klinefelter","متلازمة كلاينفلتر","Klinefelter syndrome","Q98.4","راجع الطبيب المختص","ذكور فقط","طول القامة مع ضعف نمو الخصيتين وتضخم الثدي لدى شاب (3)","حالة وراثية لدى الذكور بسبب كروموسوم X إضافي، تسبب ضعف الخصيتين ونقص هرمون الذكورة وتأخر الإنجاب.","تحليل الكروموسومات، وتعويض التستوستيرون، وتقنيات المساعدة على الإنجاب.","","تحليل الكروموسومات (Karyotype) • التستوستيرون وهرمونات FSH وLH • تحليل السائل المنوي","قياس كثافة العظام (DEXA)","تعويض هرمون الذكورة: testosterone — بوصفة طبية فقط بإشراف طبيب الغدد؛ قد يقلل إنتاج الحيوانات المنوية","استخراج الحيوانات المنوية جراحيًا (micro-TESE) مع الحقن المجهري (ICSI) • دعم تعليمي ونفسي","","European Academy of Andrology (EAA) clinical practice guidelines on Klinefelter syndrome (2020)","ENDO • EAU","قيد المراجعة","","","","",""
"العيوب الخلقية والوراثية","congenital.spinabifida","الصلب المشقوق","Spina bifida","Q05.9","راجع الطبيب المختص","الجنسان","كيس أو فتحة في أسفل الظهر منذ الولادة مع ضعف الساقين (3)","عدم اكتمال انغلاق العمود الفقري أثناء تكوين الجنين، ويقلل حمض الفوليك قبل الحمل خطره كثيرًا.","تقييم لدى جراح المخ والأعصاب للأطفال، والجراحة والعلاج الطبيعي ومتابعة المثانة.","","تحليل البول ووظائف الكلى • دراسة ديناميكية المثانة (Urodynamics)","موجات صوتية على الكلى والمثانة • رنين مغناطيسي (MRI) على الدماغ والحبل الشوكي","مضاد مسكاريني للمثانة العصبية: oxybutynin — بوصفة طبية فقط؛ الجرعة حسب الوزن يحددها طبيب الأطفال • حمض الفوليك قبل الحمل التالي للوقاية: folic acid — يحدد الطبيب الجرعة الوقائية للأم","إغلاق جراحي للعيب بعد الولادة • تحويلة لاستسقاء الرأس (VP shunt) عند الحاجة • قسطرة بولية متقطعة نظيفة • علاج طبيعي وأجهزة مساعدة على الحركة","","Spina Bifida Association Guidelines for the Care of People with Spina Bifida (2018)","AAP • AAN • WHO_EML","قيد المراجعة","","","","",""
"طب الأطفال","pediatrics.neonatalfever","حمّى الرضيع الصغير","Fever in young infant","P81.9","طوارئ فورًا","الجنسان","حُمّى لدى رضيع عمره أقل من 3 أشهر (3) • خمول شديد أو صعوبة في إيقاظ الطفل (2) • رفض الرضاعة أو الشرب مع قلة البلل في الحفاض (1)","الحرارة 38 درجة فأكثر لدى رضيع عمره أقل من ثلاثة أشهر قد تكون أول علامة لعدوى خطيرة، لأن مناعته ما زالت ضعيفة.","توجّه إلى طوارئ الأطفال فورًا لإجراء الفحوص اللازمة، ولا تعطِ خافض حرارة قبل التقييم إلا بتوجيه الطبيب.","","صورة دم كاملة (CBC) • مزرعة دم (Blood culture) • تحليل البول ومزرعته (Urinalysis, Urine culture) • مؤشرات الالتهاب (CRP, Procalcitonin)","أشعة سينية على الصدر عند وجود أعراض تنفسية","مضادات حيوية وريدية: ampicillin, gentamicin, cefotaxime — تُعطى في المستشفى؛ الجرعة حسب الوزن يحددها طبيب الأطفال • مضادات الفيروسات: aciclovir — تُعطى في المستشفى عند الاشتباه بعدوى الهربس","بزل قطني لفحص السائل الدماغي الشوكي (LP) عند الحاجة • دخول المستشفى للمراقبة حتى ظهور نتائج المزارع","التوجه فورًا إلى الطوارئ أو الاتصال بالرقم 123","AAP Clinical Practice Guideline: Evaluation and Management of Well-Appearing Febrile Infants 8 to 60 Days Old (2021)","AAP • NICE • WHO_EML","قيد المراجعة","","","","",""
"طب الأطفال","pediatrics.dehydration","الجفاف لدى الأطفال","Dehydration in children","E86","فحص عاجل خلال 24 ساعة","الجنسان","رفض الرضاعة أو الشرب مع قلة البلل في الحفاض (3) • إسهال وقيء لدى الطفل (2) • خمول شديد أو صعوبة في إيقاظ الطفل (1)","نقص السوائل في جسم الطفل غالبًا بسبب الإسهال والقيء، وهو أخطر على الأطفال الصغار.","محلول الإرواء الفموي بكميات صغيرة متكررة. الخمول أو غياب البول أكثر من 8 ساعات أو جفاف الفم الشديد يستدعي الطوارئ.","","الأملاح (Electrolytes) • سكر الدم • وظائف الكلى (Urea, Creatinine)","","محلول معالجة الجفاف الفموي: oral rehydration salts — الكمية حسب الوزن يحددها طبيب الأطفال • مكملات الزنك في الإسهال: zinc sulfate — الجرعة حسب العمر يحددها طبيب الأطفال • سوائل وريدية للجفاف الشديد: sodium chloride 0.9%, compound solution of sodium lactate — تُعطى في المستشفى","إعطاء السوائل عبر أنبوب أنفي معدي أو الوريد عند الجفاف الشديد","إعطاء محلول الإرواء الفموي برشفات صغيرة متكررة • الاستمرار في الرضاعة الطبيعية • تجنب العصائر والمشروبات الغازية","NICE CG84 Diarrhoea and vomiting caused by gastroenteritis in under 5s: diagnosis and management (2009)","WHO • NICE • ESPGHAN • WHO_EML","قيد المراجعة","","","","",""
"طب الأطفال","pediatrics.croup","الخانوق (التهاب الحنجرة والرغامى)","Croup","J05.0","فحص عاجل خلال 24 ساعة","الجنسان","سعال نباحي (كصوت الكلب) مع بحة وصوت صرير عند الشهيق (3)","عدوى فيروسية تسبب تورّم الحنجرة لدى الأطفال الصغار، مع سعال نباحي مميز يزداد ليلًا.","الهواء البارد والتهدئة، وجرعة كورتيزون يصفها الطبيب. صوت الصرير أثناء الراحة أو الازرقاق يستدعي الطوارئ.","","","","الكورتيكوستيرويدات: dexamethasone, prednisolone — بوصفة طبية فقط؛ الجرعة حسب الوزن يحددها طبيب الأطفال • الأدرينالين بالبخار للحالات الشديدة: epinephrine (adrenaline) — تُعطى في المستشفى","المراقبة في المستشفى والأكسجين عند الحالات الشديدة","إبقاء الطفل هادئًا وفي وضعية مريحة • التوجه للطوارئ عند صرير أثناء الراحة أو صعوبة تنفس","NICE Clinical Knowledge Summary: Croup","NICE • AAP • WHO_EML","قيد المراجعة","","","","",""
"طب الأطفال","pediatrics.bronchiolitis","التهاب القصيبات الهوائية","Bronchiolitis","J21.9","فحص عاجل خلال 24 ساعة","الجنسان","سرعة التنفس وانسحاب الجلد بين الضلوع عند الرضيع (3) • رفض الرضاعة أو الشرب مع قلة البلل في الحفاض (1)","عدوى فيروسية في الشعب الهوائية الدقيقة لدى الرضع دون السنتين، أشهر أسبابها الفيروس المخلوي التنفسي.","تنظيف الأنف والرضاعة المتكررة. سرعة التنفس أو انسحاب الجلد أو صعوبة الرضاعة تستدعي فحصًا عاجلًا وقد يحتاج إلى أكسجين.","","قياس نسبة الأكسجين في الدم (Pulse oximetry)","","","الأكسجين عند انخفاض نسبة التشبع • شفط الإفرازات الأنفية • تغذية أو سوائل عبر أنبوب أنفي معدي أو الوريد عند صعوبة الرضاعة • دخول المستشفى للحالات المتوسطة والشديدة","تنظيف الأنف بمحلول ملحي وشفط لطيف • رضعات صغيرة متكررة • التوجه للطوارئ عند صعوبة التنفس أو توقفه أو قلة البلل","NICE NG9 Bronchiolitis in children: diagnosis and management (2015, updated 2021)","NICE • AAP","قيد المراجعة","","","","",""
"طب الأطفال","pediatrics.febrileseizure","التشنّج الحراري","Febrile seizure","R56.0","فحص عاجل خلال 24 ساعة","الجنسان","تشنّج مع ارتفاع الحرارة لدى طفل بين 6 أشهر و5 سنوات (3)","تشنّج يصيب بعض الأطفال بين 6 أشهر و5 سنوات مع الارتفاع السريع للحرارة، وغالبًا ما يكون حميدًا.","ضع الطفل على جانبه ولا تضع شيئًا في فمه. التشنّج الأطول من 5 دقائق أو المتكرر يستدعي الإسعاف، وأول نوبة تحتاج إلى فحص طبي.","","تحليل البول للبحث عن مصدر الحرارة (Urinalysis) • الأملاح وسكر الدم عند الحاجة","","البنزوديازيبينات لإيقاف التشنج الممتد: midazolam, diazepam — بوصفة طبية فقط؛ الجرعة حسب الوزن يحددها طبيب الأطفال • خافضات الحرارة: paracetamol, ibuprofen — للراحة فقط ولا تمنع التشنج؛ الجرعة حسب الوزن","تقييم سبب الحرارة، والبزل القطني (LP) عند الاشتباه بالتهاب السحايا","وضع الطفل على جنبه وعدم وضع أي شيء في فمه • حساب مدة التشنج والاتصال بالرقم 123 إذا تجاوز 5 دقائق","AAP Clinical Practice Guideline: Neurodiagnostic Evaluation of the Child With a Simple Febrile Seizure (2011)","AAP • NICE • WHO_EML","قيد المراجعة","","","","",""
"طب الأطفال","pediatrics.jaundice","يرقان حديثي الولادة","Neonatal jaundice","P59.9","فحص عاجل خلال 24 ساعة","الجنسان","اصفرار الجلد والعينين لدى المولود (3) • خمول شديد أو صعوبة في إيقاظ الطفل (1)","اصفرار المولود بسبب ارتفاع البيليروبين، وهو شائع وحميد غالبًا، لكن ارتفاعه الشديد قد يؤذي الدماغ.","قياس نسبة الصفراء لدى طبيب الأطفال، والعلاج الضوئي عند الحاجة. الاصفرار في أول 24 ساعة أو مع خمول يستدعي فحصًا فوريًا.","","البيليروبين الكلي والمباشر (Total & direct bilirubin) • فصيلة الدم واختبار كومبس (Blood group, DAT) • صورة دم كاملة والخلايا الشبكية (CBC, Reticulocytes) • إنزيم G6PD","","","العلاج الضوئي (Phototherapy) • تبديل الدم (Exchange transfusion) في الحالات الشديدة","الرضاعة المتكررة 8 إلى 12 مرة يوميًا • مراجعة الطبيب عند البراز الباهت أو البول الداكن أو خمول الرضيع","AAP Clinical Practice Guideline Revision: Management of Hyperbilirubinemia in the Newborn Infant 35 or More Weeks of Gestation (2022)","AAP • NICE","قيد المراجعة","","","","",""
"طب الأطفال","pediatrics.colic","مغص الرضّع","Infant colic","R10.4","رعاية منزلية ومتابعة","الجنسان","بكاء متواصل نوبات مع ثني الساقين على البطن لدى رضيع (3)","نوبات بكاء متواصل لدى رضيع سليم، غالبًا مساءً، تبدأ في الأسابيع الأولى وتتحسن بحلول الشهر الرابع.","التهدئة بالحمل والهز الخفيف وتدليك البطن والتجشئة. القيء المستمر أو الحرارة أو الدم في البراز تستدعي الفحص.","","","","","فحص الرضيع لاستبعاد أسباب أخرى للبكاء","حمل الرضيع وهزه بلطف أو استخدام صوت هادئ • أخذ استراحة عند الإرهاق وعدم هز الرضيع بعنف أبدًا","NICE Clinical Knowledge Summary: Colic - infantile","NICE • AAP","قيد المراجعة","","","","",""
"طب الأطفال","pediatrics.pyloric","تضيّق البواب الضخامي","Pyloric stenosis","Q40.0","فحص عاجل خلال 24 ساعة","الجنسان","قيء مقذوف بعد كل رضعة لرضيع عمره 2–8 أسابيع (3) • رفض الرضاعة أو الشرب مع قلة البلل في الحفاض (1)","تضخّم عضلة مخرج المعدة لدى الرضع في الأسابيع الأولى فيمنع مرور الحليب، فيحدث قيء مقذوف بعد كل رضعة.","موجات صوتية للتأكيد ثم جراحة بسيطة شافية. الجفاف أو الخمول يستدعيان الطوارئ.","","غازات الدم والأملاح (Blood gas, Electrolytes)","أشعة موجات فوق صوتية على البطن (Ultrasound)","سوائل وريدية لتصحيح الأملاح: sodium chloride, glucose, potassium chloride — تُعطى في المستشفى؛ حسب الوزن يحددها طبيب الأطفال","جراحة شق عضلة البواب (Pyloromyotomy) بالمنظار أو الجراحة المفتوحة","","ACR Appropriateness Criteria: Vomiting in Infants","ACR • AAP","قيد المراجعة","","","","",""
"طب الأطفال","pediatrics.autism","اضطراب طيف التوحد","Autism spectrum disorder","F84.0","راجع الطبيب المختص","الجنسان","تأخر في الكلام أو ضعف التواصل البصري والاجتماعي (3)","اختلاف نمائي يؤثر في التواصل والتفاعل الاجتماعي ويصاحبه سلوك متكرر أو اهتمامات محدودة، ويظهر في السنوات الأولى.","تقييم لدى طبيب نمو الأطفال أو الطب النفسي للأطفال. التدخل المبكر (تخاطب وتعديل سلوك وتنمية مهارات) يحسّن النتائج كثيرًا.","","فحص السمع (Audiology) • فحوص جينية عند الحاجة (Chromosomal microarray, Fragile X)","","مضادات الذهان للتهيج الشديد: risperidone, aripiprazole — بوصفة طبية فقط؛ للتهيج الشديد وليس للتوحد نفسه","التدخل السلوكي المبكر المكثف • علاج النطق واللغة • العلاج الوظيفي • تدريب الوالدين والدعم التعليمي","الحفاظ على روتين يومي ثابت للطفل","AAP Clinical Report: Identification, Evaluation, and Management of Children With Autism Spectrum Disorder (2020)","AAP • NICE • WHO_EML","قيد المراجعة","","","","",""
"طب الأطفال","pediatrics.adhd","اضطراب فرط الحركة وتشتت الانتباه","ADHD","F90.0","راجع الطبيب المختص","الجنسان","فرط حركة وتشتت انتباه واندفاع يؤثر في الدراسة (3)","اضطراب نمائي يسبب صعوبة في الانتباه وفرط حركة واندفاعًا يظهر في أكثر من مكان (البيت والمدرسة).","تقييم متخصص، وتدريب الأهل وتعديل السلوك والدعم المدرسي، وأدوية فعّالة عند الحاجة.","","","","المنبهات: methylphenidate, lisdexamfetamine — بوصفة طبية فقط؛ متابعة الطول والوزن والنبض والضغط • غير المنبهات: atomoxetine — بوصفة طبية فقط","برامج تدريب الوالدين على إدارة السلوك • دعم وتعديلات مدرسية • العلاج المعرفي السلوكي (CBT) للمراهقين والبالغين","تنظيم روتين يومي ونوم كافٍ","NICE NG87 Attention deficit hyperactivity disorder: diagnosis and management (2018, updated 2019)","NICE • AAP • WHO_EML","قيد المراجعة","","","","",""
"طب الأطفال","pediatrics.enuresis","التبوّل اللاإرادي الليلي","Nocturnal enuresis","N39.4","رعاية منزلية ومتابعة","الجنسان","تبوّل لا إرادي ليلًا بعد سن الخامسة (3)","التبول أثناء النوم بعد سن الخامسة، شائع ويتحسن غالبًا مع العمر، ولا يكون الطفل مسؤولًا عنه.","عدم العقاب، وتقليل السوائل مساءً، ومنبّه الرطوبة، وأحيانًا دواء. الحرقان أو العطش الشديد أو التبول نهارًا يستدعي الفحص.","","تحليل البول (Urinalysis) لاستبعاد السكري والالتهاب","","نظائر الهرمون المضاد لإدرار البول: desmopressin — بوصفة طبية فقط؛ تقييد السوائل مساءً أثناء استخدامه","جهاز إنذار التبول الليلي (Enuresis alarm)","التبول قبل النوم وشرب السوائل بانتظام خلال النهار • عدم معاقبة الطفل ومكافأة التقدم","NICE CG111 Bedwetting in under 19s (2010)","NICE • WHO_EML","قيد المراجعة","","","","",""
"طب الأطفال","pediatrics.pinworm","الديدان الدبوسية","Pinworm","B80","رعاية منزلية ومتابعة","الجنسان","ألم بطن متكرر مع حكة شرجية ليلًا (3)","ديدان صغيرة شائعة بين الأطفال تسبب حكة شرجية ليلية، وتنتقل بسهولة داخل الأسرة.","دواء طارد للديدان لجميع أفراد الأسرة يكرَّر بعد أسبوعين، مع غسل اليدين وتقليم الأظافر وغسل الملاءات.","","اختبار الشريط اللاصق حول فتحة الشرج (Tape test)","","طاردات الديدان: mebendazole, albendazole — يُعالج أفراد الأسرة معًا؛ استشر الطبيب في الحمل ولمن دون عامين","","غسل اليدين جيدًا وقص الأظافر • غسل الملابس الداخلية وأغطية السرير بماء ساخن","NICE Clinical Knowledge Summary: Threadworm","CDC • NICE • WHO_EML","قيد المراجعة","","","","",""
"طب الأطفال","pediatrics.ftt","تأخر النمو","Failure to thrive","R62.8","راجع الطبيب المختص","الجنسان","بطء في زيادة الوزن والطول مقارنة بأقرانه (3)","زيادة في الوزن أو الطول أقل من المتوقع لعمر الطفل، لأسباب غذائية أو مرضية.","تقييم لدى طبيب الأطفال بقياس منحنيات النمو وتحاليل (مثل الأنيميا والغدة الدرقية والسيلياك) وخطة تغذية.","","صورة دم كاملة ومخزون الحديد (CBC, Ferritin) • وظائف الكلى والكبد والأملاح • وظائف الغدة الدرقية (TSH) • فحص الداء البطني (tTG-IgA) وتحليل البول","","","متابعة النمو على منحنيات النمو • تقييم التغذية والرضاعة من أخصائي تغذية • علاج السبب الأساسي عند اكتشافه","","NICE NG75 Faltering growth: recognition and management of faltering growth in children (2017)","NICE • AAP","قيد المراجعة","","","","",""
"طب الأطفال","pediatrics.roseola","الوردية الطفلية","Roseola","B08.2","رعاية منزلية ومتابعة","الجنسان","حُمّى عالية 3 أيام ثم طفح وردي بعد زوالها لدى رضيع (3) • طفح جلدي مع حمّى (1)","عدوى فيروسية لدى الرضع تسبب حمّى عالية لثلاثة أيام يعقبها طفح وردي بعد انخفاض الحرارة.","خافض حرارة وسوائل. التشنّج أو الخمول يستدعي الفحص.","","","","خافضات الحرارة: paracetamol, ibuprofen — الجرعة حسب الوزن يحددها طبيب الأطفال؛ لا يُعطى الأسبرين للأطفال","","الإكثار من السوائل • ملابس خفيفة وراحة","NICE NG143 Fever in under 5s: assessment and initial management (2019)","NICE • AAP • WHO_EML","قيد المراجعة","","","","",""
"طب الأطفال","pediatrics.hfmd","مرض اليد والقدم والفم","Hand, foot and mouth disease","B08.4","رعاية منزلية ومتابعة","الجنسان","قرح في الفم مع طفح على الكفين والقدمين لدى طفل (3) • طفح جلدي مع حمّى (2)","عدوى فيروسية شائعة لدى الأطفال تسبب قرحًا في الفم وطفحًا على الكفين والقدمين مع حمّى خفيفة.","سوائل باردة ومسكن، والانتباه لعلامات الجفاف، والعزل عن الحضانة حتى تتحسن الأعراض.","","","","مسكنات وخافضات حرارة: paracetamol, ibuprofen — الجرعة حسب الوزن يحددها طبيب الأطفال؛ لا يُعطى الأسبرين للأطفال","","سوائل باردة وطعام لين • غسل اليدين جيدًا لمنع العدوى","NICE Clinical Knowledge Summary: Hand, foot and mouth disease","CDC • NICE • WHO_EML","قيد المراجعة","","","","",""
"الأمراض المعدية والحميات","infectious.typhoid","حمّى التيفود","Typhoid fever","A01.0","فحص عاجل خلال 24 ساعة","الجنسان","حُمّى مستمرة تتصاعد تدريجيًا لأكثر من أسبوع (3)","عدوى بكتيرية تنتقل بالطعام أو الماء الملوث، وتسبب حمّى متصاعدة تدريجيًا مع صداع وآلام بطن.","مزرعة دم وتحاليل، ومضاد حيوي يحدده الطبيب، والحرص على نظافة الطعام والماء. ألم البطن الشديد قد يدل على مضاعفات.","","مزرعة دم (Blood culture) • صورة دم كاملة (CBC) • وظائف الكبد (LFTs)","","مضادات حيوية: azithromycin, ceftriaxone, ciprofloxacin — بوصفة طبية فقط؛ يختار الطبيب حسب نمط المقاومة المحلي","دخول المستشفى للحالات الشديدة أو المضاعفات","الإكثار من السوائل • غسل اليدين وشرب ماء آمن","WHO Guidelines for the Management of Typhoid Fever (2011)","WHO • CDC • WHO_EML","قيد المراجعة","","","","",""
"الأمراض المعدية والحميات","infectious.brucellosis","الحمّى المالطية (البروسيلا)","Brucellosis","A23.9","راجع الطبيب المختص","الجنسان","حُمّى متموّجة مع تعرّق غزير وآلام مفاصل (3) • تناول ألبان أو أجبان غير مبسترة أو مخالطة الماشية (3)","عدوى بكتيرية تنتقل من الماشية عبر الألبان غير المبسترة، وتسبب حمّى متموّجة وتعرّقًا وآلام مفاصل.","تحليل دم خاص بالبروسيلا، ومضادات حيوية مزدوجة لستة أسابيع على الأقل، وغلي الحليب جيدًا.","","اختبار التراص للبروسيلا (Brucella serology) • مزرعة دم (Blood culture) • صورة دم كاملة ووظائف الكبد","","مضادات حيوية مركبة: doxycycline, rifampicin, gentamicin, streptomycin — بوصفة طبية فقط؛ لعدة أسابيع؛ بدائل خاصة للحمل والأطفال","","تجنب الحليب ومشتقاته غير المبسترة","WHO Brucellosis in humans and animals (2006)","WHO • CDC • WHO_EML","قيد المراجعة","","","","",""
"الأمراض المعدية والحميات","infectious.malaria","الملاريا","Malaria","B54","طوارئ فورًا","الجنسان","حُمّى مع رعشة شديدة تتكرر بعد سفر لبلد إفريقي أو استوائي (3)","عدوى طفيلية ينقلها البعوض في المناطق الاستوائية، تسبب نوبات حمّى ورعشة، وقد تكون قاتلة.","تحليل دم عاجل لطفيل الملاريا في اليوم نفسه، والعلاج بأدوية مضادة للملاريا. أي حمّى بعد السفر إلى إفريقيا تستوجب هذا التحليل.","","مسحة دم سميكة ورقيقة (Blood smear) • اختبار تشخيصي سريع للملاريا (RDT) • صورة دم كاملة وسكر الدم (CBC, Glucose) • وظائف الكلى والكبد","","مضادات الملاريا للحالات الشديدة: artesunate — تُعطى في المستشفى • علاج مركب أساسه الأرتيميسينين (ACT): artemether + lumefantrine — تُعطى في المستشفى؛ بوصفة طبية فقط","دخول المستشفى والمراقبة المكثفة في الحالات الشديدة","التوجه فورًا إلى الطوارئ أو الاتصال بالرقم 123","WHO Guidelines for malaria","WHO • CDC • WHO_EML","قيد المراجعة","","","","",""
"الأمراض المعدية والحميات","infectious.dengue","حمّى الضنك","Dengue fever","A90","فحص عاجل خلال 24 ساعة","الجنسان","حُمّى مفاجئة مع ألم خلف العينين وآلام شديدة في العضلات (3)","عدوى فيروسية ينقلها البعوض، تسبب حمّى مفاجئة وألمًا خلف العينين وآلامًا شديدة في العضلات والمفاصل.","السوائل والراحة وخافض الحرارة (باراسيتامول فقط، وتجنّب الأسبرين والبروفين). النزيف أو ألم البطن أو القيء المستمر يستدعي الطوارئ.","","مستضد NS1 أو الأجسام المضادة IgM • صورة دم كاملة مع الصفائح والهيماتوكريت (CBC) • وظائف الكبد (LFTs)","","خافضات الحرارة: paracetamol — تجنب الأسبرين والإيبوبروفين لخطر النزف","سوائل وريدية ومراقبة في المستشفى عند ظهور علامات الخطر","الراحة والإكثار من السوائل • تجنب الأسبرين والإيبوبروفين • مراجعة الطوارئ عند ألم بطن شديد أو نزف أو قيء مستمر","WHO Dengue: guidelines for diagnosis, treatment, prevention and control (2009)","WHO • CDC • WHO_EML","قيد المراجعة","","","","",""
"الأمراض المعدية والحميات","infectious.covid","كوفيد-19","COVID-19","U07.1","رعاية منزلية ومتابعة","الجنسان","فقدان حاستي الشم والتذوق (3)","عدوى فيروسية تنفسية قد تسبب حمّى وسعالًا وإرهاقًا وفقدان الشم والتذوق.","الراحة والسوائل وخافض الحرارة والعزل. ضيق التنفس أو انخفاض الأكسجين يستدعي الطوارئ، وقد يحتاج كبار السن وأصحاب الأمراض المزمنة إلى علاج مضاد للفيروس مبكرًا.","","اختبار المستضد السريع أو تفاعل البوليميراز (Antigen test, PCR)","","خافضات الحرارة والمسكنات: paracetamol • مضادات الفيروسات لمن هم أكثر عرضة للخطر: nirmatrelvir + ritonavir — بوصفة طبية فقط؛ تداخلات دوائية كثيرة","الأكسجين ودخول المستشفى عند انخفاض الأكسجين","الراحة والسوائل • ارتداء الكمامة وتقليل المخالطة • التوجه للطوارئ عند ضيق التنفس","WHO Therapeutics and COVID-19: living guideline","WHO • CDC • NICE • WHO_EML","قيد المراجعة","","","","",""
"الأمراض المعدية والحميات","infectious.chickenpox","الجديري المائي","Chickenpox","B01.9","رعاية منزلية ومتابعة","الجنسان","طفح بفقاعات مثيرة للحكة ينتشر على الجسم (3)","عدوى فيروسية شديدة العدوى تسبب طفحًا من فقاعات مثيرة للحكة على مراحل مختلفة.","خافض حرارة (باراسيتامول وليس أسبرين) ومرهم مهدئ للحكة وتقليم الأظافر والعزل حتى تجف القشور. الحامل والرضع وضعاف المناعة يحتاجون إلى تقييم طبي.","","","","خافضات الحرارة: paracetamol — لا يُعطى الأسبرين للأطفال، ويُفضَّل تجنب الإيبوبروفين • مضادات الفيروسات: aciclovir — بوصفة طبية فقط؛ للبالغين والحوامل وضعاف المناعة","","دهان الكالامين لتخفيف الحكة • قص الأظافر وتجنب الحك • البقاء في المنزل حتى تجف كل البثور","NICE Clinical Knowledge Summary: Chickenpox","NICE • CDC • WHO_EML","قيد المراجعة","","","","",""
"الأمراض المعدية والحميات","infectious.mumps","النكاف","Mumps","B26.9","رعاية منزلية ومتابعة","الجنسان","تورّم مؤلم أمام الأذن وأسفل الفك (3)","عدوى فيروسية تسبب تورّم الغدد اللعابية أمام الأذن، ويقي منها لقاح الحصبة والنكاف والحصبة الألمانية.","الراحة والسوائل والمسكنات والكمادات. ألم الخصية أو الصداع الشديد يستدعي الفحص.","","فحص الفيروس (PCR) أو الأجسام المضادة عند الحاجة","","مسكنات وخافضات حرارة: paracetamol, ibuprofen — لا يُعطى الأسبرين للأطفال","","كمادات دافئة أو باردة على الغدة • طعام لين وسوائل وتجنب العصائر الحامضة • العزل خمسة أيام بعد بدء التورم","CDC Clinical Overview of Mumps","CDC • NICE • WHO_EML","قيد المراجعة","","","","",""
"الأمراض المعدية والحميات","infectious.measles","الحصبة","Measles","B05.9","فحص عاجل خلال 24 ساعة","الجنسان","طفح أحمر مع رشح وسعال واحمرار العينين (3)","عدوى فيروسية شديدة العدوى تبدأ بحمّى ورشح وسعال واحمرار العينين ثم طفح يبدأ من الوجه.","تقييم طبي وعزل، وفيتامين أ للأطفال، ومتابعة المضاعفات كالتهاب الرئة. اللقاح هو الوقاية.","","الأجسام المضادة IgM للحصبة أو فحص الفيروس (PCR)","أشعة سينية على الصدر عند الاشتباه بالتهاب رئوي","فيتامين أ: retinol — بوصفة طبية؛ الجرعة حسب العمر يحددها طبيب الأطفال • خافضات الحرارة: paracetamol — الجرعة حسب الوزن للأطفال","العزل لمنع العدوى • علاج المضاعفات مثل الالتهاب الرئوي","الإكثار من السوائل والراحة • عزل المريض عن غير المطعمين والحوامل","WHO Treating measles in children","WHO • CDC • WHO_EML","قيد المراجعة","","","","",""
"الأمراض المعدية والحميات","infectious.schisto","البلهارسيا","Schistosomiasis","B65.9","راجع الطبيب المختص","الجنسان","دم في البول مع سباحة في الترع أو المياه العذبة (3)","عدوى طفيلية تنتقل عبر جلد من يسبح أو يعمل في المياه العذبة الملوثة، وتسبب دمًا في البول أو مشكلات كبدية.","تحليل بول أو براز للبويضات، والعلاج بأقراص البرازيكوانتيل وهي فعّالة. تجنّب ملامسة مياه الترع.","","فحص البول والبراز للبحث عن البيوض (Microscopy) • الأجسام المضادة للبلهارسيا (Serology)","أشعة موجات فوق صوتية على البطن والمسالك البولية (Ultrasound)","طاردات الديدان: praziquantel — بوصفة طبية فقط","","تجنب السباحة أو الخوض في المياه العذبة الراكدة","WHO guideline on control and elimination of human schistosomiasis (2022)","WHO • CDC • WHO_EML","قيد المراجعة","","","","",""
"الأمراض المعدية والحميات","infectious.cholera","الكوليرا","Cholera","A00.9","طوارئ فورًا","الجنسان","إسهال مائي غزير مفاجئ كماء الأرز (3)","عدوى بكتيرية تنتقل بالماء الملوث وتسبب إسهالًا مائيًا غزيرًا يؤدي إلى جفاف خطير خلال ساعات.","محلول الإرواء الفموي فورًا وبكميات كبيرة، والتوجه إلى المستشفى لتعويض السوائل الوريدية.","","اختبار سريع أو مزرعة للبراز (Stool culture) • الأملاح ووظائف الكلى (Electrolytes)","","محلول معالجة الجفاف الفموي: oral rehydration salts — يُبدأ فورًا • سوائل وريدية: compound solution of sodium lactate — تُعطى في المستشفى • مضادات حيوية: doxycycline, azithromycin — تُعطى في المستشفى؛ الأزيثرومايسين للأطفال والحوامل • مكملات الزنك للأطفال: zinc sulfate — الجرعة حسب العمر يحددها طبيب الأطفال","تعويض السوائل الوريدي السريع ومراقبة الإخراج","البدء بمحلول الإرواء الفموي فورًا أثناء التوجه للمستشفى • الاتصال بالرقم 123","GTFCC / WHO Cholera outbreak response: field manual","WHO • CDC • WHO_EML","قيد المراجعة","","","","",""
"الأمراض المعدية والحميات","infectious.foodpoisoning","التسمم الغذائي","Food poisoning","A05.9","رعاية منزلية ومتابعة","الجنسان","قيء وإسهال بعد ساعات من تناول طعام مشترك (3)","قيء وإسهال يبدأ بعد ساعات من تناول طعام ملوث، وغالبًا ما يصاب أكثر من شخص تناولوا الطعام نفسه.","السوائل ومحلول الإرواء والطعام الخفيف. الدم في البراز أو الحمّى العالية أو الجفاف أو أعراض عصبية (زغللة أو صعوبة بلع) تستدعي الطوارئ.","","مزرعة البراز عند الإسهال الدموي أو الشديد (Stool culture)","","محلول معالجة الجفاف الفموي: oral rehydration salts","","شرب السوائل ومحلول الإرواء برشفات صغيرة • العودة التدريجية للطعام الخفيف • مراجعة الطبيب عند دم في البراز أو جفاف أو حرارة عالية","IDSA Clinical Practice Guidelines for the Diagnosis and Management of Infectious Diarrhea (2017)","IDSA • WHO • CDC • WHO_EML","قيد المراجعة","","","","",""
"الأمراض المعدية والحميات","infectious.rabies","التعرّض لداء الكلب (السعار)","Rabies exposure","Z20.3","طوارئ فورًا","الجنسان","جرح أو عضّة حيوان (كلب أو قطة أو غيرهما) (3)","عضّة أو خدش من حيوان قد ينقل فيروس السعار، وهو قاتل إذا ظهرت أعراضه، لكن الوقاية بعد التعرض فعّالة تمامًا.","اغسل الجرح بالماء والصابون 15 دقيقة، وتوجّه اليوم إلى مستشفى أو مركز يقدّم مصل وطعم السعار.","","","","لقاح داء الكلب: rabies vaccine — تُعطى في المستشفى أو مركز مختص وفق جدول محدد • الغلوبولين المناعي لداء الكلب: rabies immunoglobulin — تُعطى في المستشفى للتعرض الشديد • لقاح الكزاز: tetanus toxoid — تُعطى في المستشفى عند الحاجة","غسل الجرح وتنظيفه جيدًا في المستشفى • تقييم الجرح ودرجة التعرض","غسل الجرح فورًا بالماء والصابون لمدة 15 دقيقة • التوجه فورًا إلى الطوارئ","WHO Expert Consultation on Rabies, third report (2018)","WHO • CDC • WHO_EML","قيد المراجعة","","","","",""
"الأمراض المعدية والحميات","infectious.cellulitis","التهاب النسيج الخلوي","Cellulitis","L03.9","فحص عاجل خلال 24 ساعة","الجنسان","احمرار وتورّم وسخونة في الجلد تمتد بسرعة (3) • جرح أو عضّة حيوان (كلب أو قطة أو غيرهما) (1)","عدوى بكتيرية في الجلد والأنسجة تحته تسبب احمرارًا وتورّمًا وسخونة تمتد بسرعة.","مضاد حيوي يحدده الطبيب، ورفع الطرف المصاب، ورسم حدود الاحمرار لمتابعة امتداده. الحمّى أو الامتداد السريع يستدعيان الطوارئ.","","صورة دم كاملة ومؤشرات الالتهاب (CBC, CRP) • مزرعة دم عند وجود أعراض عامة (Blood culture)","أشعة موجات فوق صوتية (Ultrasound) عند الاشتباه بخراج","مضادات حيوية: flucloxacillin, cefalexin — بوصفة طبية فقط • بدائل لحساسية البنسلين: clindamycin, clarithromycin — بوصفة طبية فقط","تصريف الخراج إن وُجد • مضادات حيوية وريدية في المستشفى للحالات الشديدة","رفع الطرف المصاب • تحديد حدود الاحمرار بقلم لمتابعة انتشاره","NICE NG141 Cellulitis and erysipelas: antimicrobial prescribing (2019)","NICE • IDSA • WHO_EML","قيد المراجعة","","","","",""
"الأمراض المعدية والحميات","infectious.meningococcal","التسمم الدموي بالمكورات السحائية","Meningococcal sepsis","A39.4","طوارئ فورًا","الجنسان","حُمّى مع طفح أرجواني لا يختفي بالضغط (3)","عدوى بكتيرية سريعة جدًا في الدم تسبب حمّى مع طفح أرجواني لا يختفي بالضغط، وهي حالة تهدد الحياة خلال ساعات.","إسعاف فوري 123 ومضاد حيوي وريدي دون أي تأخير.","","مزرعة دم (Blood culture) • صورة دم كاملة ومؤشرات الالتهاب (CBC, CRP) • فحص التخثر واللاكتات (Coagulation, Lactate) • فحص المكورات السحائية بالـ PCR","","مضادات حيوية وريدية: ceftriaxone, cefotaxime, benzylpenicillin — تُعطى في المستشفى بأسرع وقت","إنعاش بالسوائل ودعم في العناية المركزة • وقاية المخالطين بالمضادات الحيوية","الاتصال بالرقم 123 فورًا","NICE NG240 Meningitis (bacterial) and meningococcal disease: recognition, diagnosis and management (2024)","NICE • WHO • CDC • WHO_EML","قيد المراجعة","","","","",""
"الأمراض المعدية والحميات","infectious.scarlet","الحمّى القرمزية","Scarlet fever","A38","راجع الطبيب المختص","الجنسان","التهاب حلق مع طفح أحمر خشن كورق الصنفرة (3)","عدوى بالبكتيريا العقدية تسبب التهاب الحلق مع طفح أحمر خشن الملمس، وتنتشر بين الأطفال.","مضاد حيوي (غالبًا بنسلين) لمدة عشرة أيام كاملة لمنع مضاعفات القلب والكلى.","","مسحة الحلق واختبار البكتيريا العقدية السريع (Rapid strep test)","","مضادات حيوية من فئة البنسلين: phenoxymethylpenicillin, amoxicillin — بوصفة طبية فقط؛ الجرعة حسب الوزن للأطفال • بدائل لحساسية البنسلين: azithromycin, clarithromycin — بوصفة طبية فقط","","الإكثار من السوائل • البقاء في المنزل 24 ساعة على الأقل بعد بدء المضاد الحيوي","IDSA Clinical Practice Guideline for the Diagnosis and Management of Group A Streptococcal Pharyngitis (2012)","IDSA • NICE • AAP • WHO_EML","قيد المراجعة","","","","",""
"أمراض الدم","hematology.irondef","أنيميا نقص الحديد","Iron deficiency anemia","D50.9","راجع الطبيب المختص","الجنسان","شحوب وتعب ودوخة مع رغبة في أكل الثلج أو الطين (3)","أشيع أنواع فقر الدم، سببها نقص الحديد بسبب سوء التغذية أو فقدان الدم (كالدورة الغزيرة) أو ضعف الامتصاص.","صورة دم ومخزون الحديد (فيريتين)، ومكملات الحديد مع فيتامين ج، والبحث عن سبب الفقد خاصة لدى الرجال وكبار السن.","","صورة دم كاملة (CBC) • مخزون الحديد (Ferritin) • دراسة الحديد (Serum iron, TSAT) • فحص الداء البطني (tTG-IgA)","","الحديد الفموي: ferrous salt — قد يسبب الإمساك وتغير لون البراز • الحديد الوريدي: iron sucrose, ferric carboxymaltose — يُعطى في المستشفى عند عدم تحمل الحديد الفموي","تنظير المعدة والقولون عند الاشتباه بنزف هضمي أو لكبار السن","تناول أطعمة غنية بالحديد مع فيتامين ج • تجنب الشاي والقهوة مع وجبات الحديد","British Society of Gastroenterology guidelines for the management of iron deficiency anaemia in adults (2021)","WHO • ASH • WHO_EML","قيد المراجعة","","","","",""
"أمراض الدم","hematology.sickle","أنيميا الخلايا المنجلية","Sickle cell disease","D57.1","فحص عاجل خلال 24 ساعة","الجنسان","نوبات ألم شديد في العظام أو الصدر لدى طفل أو شاب (3) • تاريخ عائلي لأنيميا وراثية أو نقل دم متكرر (2)","مرض وراثي تتحول فيه كرات الدم الحمراء إلى شكل منجلي فتسد الأوعية الصغيرة وتسبب نوبات ألم شديدة.","متابعة لدى طبيب أمراض الدم، والسوائل والمسكنات في النوبات، وأدوية وقائية. الحمّى أو ألم الصدر أو ضيق التنفس تستدعي الطوارئ.","","الرحلان الكهربائي للهيموجلوبين (Hb electrophoresis/HPLC) • صورة دم كاملة والخلايا الشبكية (CBC, Reticulocytes)","دوبلر الشرايين الدماغية عبر الجمجمة للأطفال (TCD)","معدّل مرض الخلايا المنجلية: hydroxycarbamide — بوصفة طبية فقط؛ متابعة تحاليل الدم • مسكنات نوبات الألم: paracetamol, ibuprofen, morphine — المورفين يُعطى في المستشفى بوصفة طبية فقط • الوقاية للأطفال: phenoxymethylpenicillin, folic acid — بوصفة طبية؛ الجرعة حسب الوزن يحددها طبيب الأطفال","نقل الدم عند الحاجة • استكمال التطعيمات خاصة ضد المكورات الرئوية","الإكثار من السوائل وتجنب البرد والإجهاد الشديد • التوجه للطوارئ عند الحرارة أو ألم الصدر أو ضيق التنفس","NHLBI Evidence-Based Management of Sickle Cell Disease: Expert Panel Report (2014)","ASH • NICE • WHO_EML","قيد المراجعة","","","","",""
"أمراض الدم","hematology.thalassemia","الثلاسيميا","Thalassemia","D56.9","راجع الطبيب المختص","الجنسان","تاريخ عائلي لأنيميا وراثية أو نقل دم متكرر (3) • شحوب وتعب ودوخة مع رغبة في أكل الثلج أو الطين (1)","أنيميا وراثية شائعة في حوض المتوسط بسبب خلل في تكوين الهيموجلوبين، وتتراوح بين حامل للصفة وثلاسيميا كبرى تحتاج إلى نقل دم.","فحص رحلان الهيموجلوبين، ونقل الدم وطرد الحديد في الحالات الكبرى. فحص ما قبل الزواج يمنع إنجاب أطفال مصابين.","","صورة دم كاملة (CBC) • الرحلان الكهربائي للهيموجلوبين (Hb electrophoresis) • مخزون الحديد (Ferritin) • الفحص الجيني عند الحاجة","رنين مغناطيسي لقياس الحديد في القلب والكبد (MRI T2*)","خالبات الحديد: deferoxamine, deferasirox — بوصفة طبية فقط؛ تحتاج متابعة دورية • مكملات حمض الفوليك: folic acid","نقل الدم المنتظم للأنواع المعتمدة على النقل • زراعة الخلايا الجذعية لحالات مختارة • استشارة وراثية قبل الزواج والحمل","عدم تناول مكملات الحديد دون استشارة الطبيب","Thalassaemia International Federation Guidelines for the Management of Transfusion Dependent Thalassaemia (4th ed., 2021)","ASH • WHO_EML","قيد المراجعة","","","","",""
"أمراض الدم","hematology.g6pd","أنيميا الفول (نقص إنزيم G6PD)","G6PD deficiency","D55.0","فحص عاجل خلال 24 ساعة","الجنسان","اصفرار وبول داكن بعد أكل الفول أو تناول دواء معين (3)","نقص وراثي في إنزيم يحمي كرات الدم الحمراء، فتتكسر عند أكل الفول أو تناول أدوية معينة، وهو أشيع لدى الذكور.","تحليل إنزيم G6PD، وتجنّب الفول وأدوية بعينها (قائمة لدى الطبيب). الاصفرار الشديد أو البول الداكن جدًا يستدعي الطوارئ.","","قياس إنزيم G6PD • صورة دم كاملة والخلايا الشبكية (CBC, Reticulocytes) • البيليروبين وإنزيم LDH","","","نقل الدم في نوبات التكسر الشديدة • العلاج الضوئي لحديثي الولادة المصابين باليرقان","تجنب الفول والأدوية والمواد المحفزة للتكسر مثل النفثالين • إخبار أي طبيب أو صيدلي بالحالة قبل أي دواء","WHO Working Group: Glucose-6-phosphate dehydrogenase deficiency (Bulletin of the WHO, 1989)","WHO • ASH","قيد المراجعة","","","","",""
"أمراض الدم","hematology.itp","نقص الصفائح المناعي","Immune thrombocytopenia","D69.3","فحص عاجل خلال 24 ساعة","الجنسان","نقاط حمراء صغيرة على الجلد لا تختفي بالضغط (3) • كدمات تظهر بسهولة أو نزيف لثة أو أنف متكرر (2)","مهاجمة الجهاز المناعي للصفائح الدموية فتقل، فتظهر كدمات ونقاط حمراء ونزيف سهل.","صورة دم عاجلة، والعلاج حسب عدد الصفائح والنزيف (كورتيزون أو غيره). النزيف الغزير أو الصداع الشديد يستدعي الطوارئ.","","صورة دم كاملة ولطاخة دم (CBC, Blood smear) • فحص فيروس نقص المناعة والتهاب الكبد C (HIV, HCV)","","الكورتيكوستيرويدات: prednisolone, dexamethasone — بوصفة طبية فقط • الغلوبولين المناعي الوريدي: human normal immunoglobulin — يُعطى في المستشفى","نقل الصفائح الدموية عند النزف الشديد • المتابعة دون علاج في الحالات الخفيفة خاصة لدى الأطفال","تجنب الأسبرين والإيبوبروفين • تجنب الرياضات العنيفة • التوجه للطوارئ عند نزف لا يتوقف أو صداع شديد","ASH 2019 guidelines for immune thrombocytopenia","ASH • WHO_EML","قيد المراجعة","","","","",""
"أمراض الدم","hematology.leukemia","أعراض تستدعي استبعاد سرطان الدم","Leukemia warning signs","C95.9","فحص عاجل خلال 24 ساعة","الجنسان","عدوى متكررة مع حمّى وتعرّق ليلي وتعب شديد (3) • كدمات تظهر بسهولة أو نزيف لثة أو أنف متكرر (2) • شحوب وتعب ودوخة مع رغبة في أكل الثلج أو الطين (1)","اجتماع الأنيميا والعدوى المتكررة والكدمات والتعب الشديد قد يدل على خلل في نخاع العظم، ويحتاج إلى صورة دم عاجلة، وهذا ليس تشخيصًا.","صورة دم كاملة ومسحة دم خلال أيام، ثم تقييم لدى طبيب أمراض الدم. كثير من سرطانات الدم لها علاج فعّال خاصة لدى الأطفال.","","صورة دم كاملة ولطاخة دم (CBC, Blood smear) • وظائف الكلى والكبد وإنزيم LDH • فحص التخثر (Coagulation)","","","خزعة وشفط نخاع العظم (Bone marrow biopsy) • علاج كيميائي أو موجّه يحدده طبيب أورام الدم • زراعة الخلايا الجذعية لحالات مختارة","","NCCN Clinical Practice Guidelines in Oncology: leukemias (by subtype)","NCCN • ESMO • ASH","قيد المراجعة","","","","",""
"أمراض الدم","hematology.lymphoma","تضخم غدد يستدعي استبعاد الليمفوما","Lymphoma warning signs","C85.9","فحص عاجل خلال 24 ساعة","الجنسان","تضخم غدد ليمفاوية غير مؤلم يستمر أكثر من 3 أسابيع (3) • عدوى متكررة مع حمّى وتعرّق ليلي وتعب شديد (2)","الغدد الليمفاوية المتضخمة غير المؤلمة التي تستمر أكثر من ثلاثة أسابيع، خاصة مع الحمّى والتعرق الليلي وفقدان الوزن، تحتاج إلى تقييم، وهذا ليس تشخيصًا.","فحص لدى الطبيب وموجات صوتية وقد يلزم أخذ عينة من الغدة. معظم الغدد المتضخمة سببها عدوى بسيطة.","","صورة دم كاملة وإنزيم LDH (CBC, LDH) • فحص فيروسات الكبد وفيروس نقص المناعة (HBV, HCV, HIV)","تصوير مقطعي بالإصدار البوزيتروني (PET-CT) • أشعة مقطعية على الصدر والبطن (CT)","","خزعة استئصالية للعقدة اللمفاوية • علاج كيميائي أو مناعي يحدده طبيب الأورام • علاج إشعاعي لحالات مختارة","","NCCN Clinical Practice Guidelines in Oncology: Hodgkin Lymphoma and B-Cell Lymphomas","NCCN • ESMO • ASCO","قيد المراجعة","","","","",""
"أمراض الدم","hematology.hemophilia","الهيموفيليا (نزف الدم الوراثي)","Hemophilia","D66","راجع الطبيب المختص","ذكور فقط","نزيف مفصلي أو نزيف طويل بعد الجروح لدى ذكر منذ الطفولة (3) • كدمات تظهر بسهولة أو نزيف لثة أو أنف متكرر (1)","نقص وراثي في عوامل التجلط ينتقل عبر الأم ويصيب الذكور غالبًا، فيحدث نزيف طويل ونزيف داخل المفاصل.","تحاليل عوامل التجلط، وتعويض العامل الناقص بالحقن، ومتابعة في مركز متخصص. النزيف في الرأس أو البطن طوارئ.","","مستوى عامل التخثر الثامن أو التاسع (Factor VIII/IX assay) • زمن الثرومبوبلاستين الجزئي (aPTT) • فحص المثبطات (Inhibitor screen)","أشعة موجات فوق صوتية على المفصل عند النزف","عوامل التخثر المركزة: coagulation factor VIII, coagulation factor IX — بوصفة طبية فقط؛ وقائيًا أو عند النزف • علاج وقائي للهيموفيليا A: emicizumab — بوصفة طبية فقط • مضادات انحلال الفبرين ومحفزات التخثر: tranexamic acid, desmopressin — بوصفة طبية فقط؛ الديزموبريسين للحالات الخفيفة","المتابعة في مركز متخصص للهيموفيليا • العلاج الطبيعي بعد نزف المفاصل","تجنب الأسبرين والإيبوبروفين والحقن العضلية • حمل بطاقة تعريف طبية","WFH Guidelines for the Management of Hemophilia, 3rd edition (2020)","ASH • WHO_EML","قيد المراجعة","","","","",""
"أمراض الدم","hematology.b12","نقص فيتامين ب12","Vitamin B12 deficiency","D51.9","راجع الطبيب المختص","الجنسان","تنميل في الأطراف وتنميل اللسان مع أنيميا (3) • شحوب وتعب ودوخة مع رغبة في أكل الثلج أو الطين (1)","نقص فيتامين ضروري للدم والأعصاب، شائع لدى النباتيين وكبار السن ومستخدمي الميتفورمين ومضادات الحموضة لفترات طويلة.","تحليل مستوى ب12، والتعويض بالحقن أو الأقراص. العلاج المبكر يمنع تلف الأعصاب الدائم.","","مستوى فيتامين ب12 في الدم (Serum B12) • صورة دم كاملة (CBC) • حمض الميثيل مالونيك (MMA) • أجسام مضادة للعامل الداخلي (Intrinsic factor antibodies)","","فيتامين ب12 بالحقن: hydroxocobalamin — بوصفة طبية • فيتامين ب12 الفموي: cyanocobalamin — عندما يكون السبب غذائيًا","البحث عن سبب النقص ومعالجته مثل فقر الدم الخبيث","تناول أطعمة غنية بفيتامين ب12 أو مكملات للنباتيين","NICE NG239 Vitamin B12 deficiency in over 16s: diagnosis and management (2024)","NICE • WHO_EML","قيد المراجعة","","","","",""